SchoolYear,ISDCode,ISDName,DistrictCode,DistrictName,BuildingCode,BuildingName,CountyCode,CountyName,EntityType,SchoolLevel,LOCALE_NAME,MISTEM_NAME,MISTEM_CODE,TOTAL_ENROLLMENT,MALE_ENROLLMENT,FEMALE_ENROLLMENT,AMERICAN_INDIAN_ENROLLMENT,ASIAN_ENROLLMENT,AFRICAN_AMERICAN_ENROLLMENT,HISPANIC_ENROLLMENT,HAWAIIAN_ENROLLMENT,WHITE_ENROLLMENT,TWO_OR_MORE_RACES_ENROLLMENT,EARLY_MIDDLE_COLLEGE_ENROLLMENT,KINDERGARTEN_ENROLLMENT,GRADE_1_ENROLLMENT,GRADE_2_ENROLLMENT,GRADE_3_ENROLLMENT,GRADE_4_ENROLLMENT,GRADE_5_ENROLLMENT,GRADE_6_ENROLLMENT,GRADE_7_ENROLLMENT,GRADE_8_ENROLLMENT,GRADE_9_ENROLLMENT,GRADE_10_ENROLLMENT,GRADE_11_ENROLLMENT,GRADE_12_ENROLLMENT,ECONOMIC_DISADVANTAGED_ENROLLMENT,SPECIAL_EDUCATION_ENROLLMENT,ENGLISH_LANGUAGE_LEARNERS_ENROLLMENT
"20 - 21 School Year","82","Wayne RESA","82015","Detroit Public Schools Community District","","All Buildings","82","Wayne","LEA District","Elem thru High School","City: Large","Wayne Region","         3","49001","24776","24225","75","727","40012","6788","36","1219","144","0","3145","3933","4186","3962","4068","3872","3552","3345","3462","4058","3964","3418","3378","40620","7141","5600"
"20 - 21 School Year","82","Wayne RESA","82015","Detroit Public Schools Community District","00005","A.L. Holmes Academy of Blended Learning","82","Wayne","LEA School","Elem_Middle School","City: Large","Wayne Region","         3","414","209","205","0","1","412","0","0","1","0","0","31","43","53","48","57","43","59","40","40","0","0","0","0","376","69","<10"
"20 - 21 School Year","82","Wayne RESA","82015","Detroit Public Schools Community District","03645","Academy of the Americas at Logan","82","Wayne","LEA School","Elementary","City: Large","Wayne Region","         3","404","193","211","0","0","23","369","0","12","0","0","103","96","107","98","0","0","0","0","0","0","0","0","0","305","36","266"
"20 - 21 School Year","82","Wayne RESA","82015","Detroit Public Schools Community District","03276","Academy of The Americas High School","82","Wayne","LEA School","Elem thru High School","City: Large","Wayne Region","         3","706","353","353","1","0","17","680","0","8","0","0","0","0","0","0","107","89","80","98","114","66","58","53","41","521","63","547"
"20 - 21 School Year","82","Wayne RESA","82015","Detroit Public Schools Community District","00103","Ann Arbor Trail Magnet School","82","Wayne","LEA School","Elem_Middle School","City: Large","Wayne Region","         3","208","110","98","0","0","198","2","0","8","0","0","17","32","22","23","28","21","28","18","19","0","0","0","0","193","18","<10"
"20 - 21 School Year","82","Wayne RESA","82015","Detroit Public Schools Community District","00168","Bagley Elementary School of Journalism and Technology","82","Wayne","LEA School","Elem_Middle School","City: Large","Wayne Region","         3","354","185","169","1","0","351","1","0","0","1","0","41","55","59","52","57","44","46","0","0","0","0","0","0","311","43","<10"
"20 - 21 School Year","82","Wayne RESA","82015","Detroit Public Schools Community District","03640","Barton Elementary School","82","Wayne","LEA School","Elementary","City: Large","Wayne Region","         3","149","76","73","0","0","144","0","0","5","0","0","16","25","26","23","30","29","0","0","0","0","0","0","0","137","<10","<10"
"20 - 21 School Year","82","Wayne RESA","82015","Detroit Public Schools Community District","02882","Bates Academy","82","Wayne","LEA School","Elem_Middle School","City: Large","Wayne Region","         3","787","348","439","1","0","785","1","0","0","0","0","71","75","78","78","83","89","107","105","101","0","0","0","0","431","44","<10"
"20 - 21 School Year","82","Wayne RESA","82015","Detroit Public Schools Community District","00865","Benjamin Carson High School of Science and Medicine","82","Wayne","LEA School","High School","City: Large","Wayne Region","         3","305","125","180","1","40","224","3","5","29","3","0","0","0","0","0","0","0","0","0","0","51","86","72","96","258","27","56"
"20 - 21 School Year","82","Wayne RESA","82015","Detroit Public Schools Community District","00277","Bennett Elementary School","82","Wayne","LEA School","Elementary","City: Large","Wayne Region","         3","467","238","229","2","0","32","381","0","50","2","0","67","79","81","73","91","76","0","0","0","0","0","0","0","393","30","261"
"20 - 21 School Year","82","Wayne RESA","82015","Detroit Public Schools Community District","02058","Blackwell Institute","82","Wayne","LEA School","Elem_Middle School","City: Large","Wayne Region","         3","351","174","177","0","0","351","0","0","0","0","0","37","46","45","42","49","32","42","29","29","0","0","0","0","304","23","<10"
"20 - 21 School Year","82","Wayne RESA","82015","Detroit Public Schools Community District","04319","Bow Elementary-Middle School","82","Wayne","LEA School","Elem_Middle School","City: Large","Wayne Region","         3","497","240","257","0","0","490","4","0","2","1","0","34","43","75","48","77","56","52","41","71","0","0","0","0","457","61","<10"
"20 - 21 School Year","82","Wayne RESA","82015","Detroit Public Schools Community District","02461","Breithaupt Career and Technical Center","82","Wayne","LEA Unique Education Provider","High School","City: Large","Wayne Region","         3","1","1","0","0","0","1","0","0","0","0","0","0","0","0","0","0","0","0","0","0","0","0","1","0","0","<10","<10"
"20 - 21 School Year","82","Wayne RESA","82015","Detroit Public Schools Community District","09341","Brenda Scott Academy for Theatre Arts","82","Wayne","LEA School","Elem_Middle School","City: Large","Wayne Region","         3","726","373","353","0","1","715","2","0","5","3","0","58","83","85","93","68","86","77","82","94","0","0","0","0","657","78","<10"
"20 - 21 School Year","82","Wayne RESA","82015","Detroit Public Schools Community District","09991","Brewer Academy","82","Wayne","LEA School","Elem_Middle School","City: Large","Wayne Region","         3","505","260","245","0","0","504","0","0","1","0","0","36","53","57","48","51","53","84","69","54","0","0","0","0","455","63","<10"
"20 - 21 School Year","82","Wayne RESA","82015","Detroit Public Schools Community District","00446","Bunche Preparatory Academy","82","Wayne","LEA School","Elem_Middle School","City: Large","Wayne Region","         3","464","231","233","11","0","408","5","0","9","31","0","40","55","45","57","60","50","48","52","57","0","0","0","0","425","95","<10"
"20 - 21 School Year","82","Wayne RESA","82015","Detroit Public Schools Community District","00456","Burns Elementary-Middle School","82","Wayne","LEA School","Elem_Middle School","City: Large","Wayne Region","         3","377","190","187","1","0","372","0","0","3","1","0","20","35","45","36","39","37","70","39","56","0","0","0","0","335","26","<10"
"20 - 21 School Year","82","Wayne RESA","82015","Detroit Public Schools Community District","00468","Burton International Academy","82","Wayne","LEA School","Elem_Middle School","City: Large","Wayne Region","         3","567","285","282","0","1","544","21","0","1","0","0","59","46","71","55","72","67","55","70","72","0","0","0","0","471","66","17"
"20 - 21 School Year","82","Wayne RESA","82015","Detroit Public Schools Community District","05553","Carleton Elementary School","82","Wayne","LEA School","Elementary","City: Large","Wayne Region","         3","387","205","182","0","0","386","0","0","1","0","0","71","71","67","60","64","54","0","0","0","0","0","0","0","362","48","<10"
"20 - 21 School Year","82","Wayne RESA","82015","Detroit Public Schools Community District","00542","Carstens Elementary-Middle School","82","Wayne","LEA School","Elem_Middle School","City: Large","Wayne Region","         3","283","161","122","0","0","282","1","0","0","0","0","29","33","39","27","36","29","21","38","31","0","0","0","0","259","33","<10"
"20 - 21 School Year","82","Wayne RESA","82015","Detroit Public Schools Community District","00546","Carver STEM Academy","82","Wayne","LEA School","Elem_Middle School","City: Large","Wayne Region","         3","379","217","162","0","0","320","32","2","25","0","0","44","41","46","39","38","45","35","45","46","0","0","0","0","352","31","24"
"20 - 21 School Year","82","Wayne RESA","82015","Detroit Public Schools Community District","00554","Cass Technical High School","82","Wayne","LEA School","High School","City: Large","Wayne Region","         3","2465","878","1587","8","229","1896","260","5","62","5","0","0","0","0","0","0","0","0","0","0","655","701","582","527","1537","35","200"
"20 - 21 School Year","82","Wayne RESA","82015","Detroit Public Schools Community District","00617","Central High School","82","Wayne","LEA School","High School","City: Large","Wayne Region","         3","310","179","131","1","1","303","2","0","3","0","0","0","0","0","0","0","0","0","0","0","112","66","66","66","279","66","<10"
"20 - 21 School Year","82","Wayne RESA","82015","Detroit Public Schools Community District","00859","Charles R. Drew Transition Center","82","Wayne","LEA School","Other","City: Large","Wayne Region","         3","491","316","175","0","3","460","16","0","12","0","0","0","0","0","0","0","0","0","0","0","0","0","0","0","294","491","<10"
"20 - 21 School Year","82","Wayne RESA","82015","Detroit Public Schools Community District","09125","Charles Wright Academy of Arts and Science","82","Wayne","LEA School","Elem_Middle School","City: Large","Wayne Region","         3","557","285","272","0","0","549","1","0","0","7","0","73","67","92","81","109","72","63","0","0","0","0","0","0","502","68","<10"
"20 - 21 School Year","82","Wayne RESA","82015","Detroit Public Schools Community District","00689","Chrysler Elementary School","82","Wayne","LEA School","Elementary","City: Large","Wayne Region","         3","124","52","72","0","0","119","3","0","0","2","0","15","23","21","24","24","17","0","0","0","0","0","0","0","62","13","<10"
"20 - 21 School Year","82","Wayne RESA","82015","Detroit Public Schools Community District","07500","Clippert Academy","82","Wayne","LEA School","Middle School","City: Large","Wayne Region","         3","427","202","225","0","0","6","406","0","15","0","0","0","0","0","0","0","0","122","155","150","0","0","0","0","359","21","272"
"20 - 21 School Year","82","Wayne RESA","82015","Detroit Public Schools Community District","00018","Cody High School","82","Wayne","LEA School","High School","City: Large","Wayne Region","         3","598","355","243","1","0","581","4","0","12","0","0","0","0","0","0","0","0","0","0","0","230","123","131","114","525","156","12"
"20 - 21 School Year","82","Wayne RESA","82015","Detroit Public Schools Community District","03717","Coleman A. Young Elementary School","82","Wayne","LEA School","Elementary","City: Large","Wayne Region","         3","438","234","204","1","0","437","0","0","0","0","0","72","75","77","77","71","66","0","0","0","0","0","0","0","395","50","<10"
"20 - 21 School Year","82","Wayne RESA","82015","Detroit Public Schools Community District","07654","Communication and Media Arts High School","82","Wayne","LEA School","High School","City: Large","Wayne Region","         3","492","239","253","2","0","488","1","0","1","0","0","0","0","0","0","0","0","0","0","0","105","111","114","162","390","24","<10"
"20 - 21 School Year","82","Wayne RESA","82015","Detroit Public Schools Community District","00781","Cooke STEM Academy","82","Wayne","LEA School","Elem_Middle School","City: Large","Wayne Region","         3","365","205","160","0","0","359","2","0","3","1","0","47","55","53","64","50","54","42","0","0","0","0","0","0","292","49","<10"
"20 - 21 School Year","82","Wayne RESA","82015","Detroit Public Schools Community District","00029","Davis Aerospace Technical High School at Golightly","82","Wayne","LEA School","High School","City: Large","Wayne Region","         3","143","79","64","1","0","139","1","0","2","0","0","0","0","0","0","0","0","0","0","0","23","38","47","35","111","14","<10"
"20 - 21 School Year","82","Wayne RESA","82015","Detroit Public Schools Community District","00880","Davison Elementary-Middle School","82","Wayne","LEA School","Elem_Middle School","City: Large","Wayne Region","         3","825","418","407","0","375","416","2","0","25","7","0","57","70","96","106","86","94","96","115","105","0","0","0","0","727","72","350"
"20 - 21 School Year","82","Wayne RESA","82015","Detroit Public Schools Community District","00902","Denby High School","82","Wayne","LEA School","High School","City: Large","Wayne Region","         3","582","317","265","1","0","581","0","0","0","0","0","0","0","0","0","0","0","0","0","0","190","134","136","122","506","143","<10"
"20 - 21 School Year","82","Wayne RESA","82015","Detroit Public Schools Community District","02778","Detroit Collegiate Preparatory High School at Northwestern","82","Wayne","LEA School","High School","City: Large","Wayne Region","         3","434","228","206","0","0","430","2","0","2","0","0","0","0","0","0","0","0","0","0","0","124","116","115","79","389","123","<10"
"20 - 21 School Year","82","Wayne RESA","82015","Detroit Public Schools Community District","00039","Detroit International Academy for Young Women","82","Wayne","LEA School","Elem thru High School","City: Large","Wayne Region","         3","200","0","200","0","26","143","1","5","22","3","0","17","15","10","10","12","14","10","11","14","18","21","22","26","165","10","44"
"20 - 21 School Year","82","Wayne RESA","82015","Detroit Public Schools Community District","08925","Detroit Lions Academy","82","Wayne","LEA School","Middle School","City: Large","Wayne Region","         3","93","60","33","0","0","93","0","0","0","0","0","0","0","0","0","0","0","18","23","52","0","0","0","0","86","16","<10"
"20 - 21 School Year","82","Wayne RESA","82015","Detroit Public Schools Community District","07794","Detroit School of Arts","82","Wayne","LEA School","High School","City: Large","Wayne Region","         3","445","134","311","2","0","432","7","0","4","0","0","0","0","0","0","0","0","0","0","0","99","136","100","110","320","54","<10"
"20 - 21 School Year","82","Wayne RESA","82015","Detroit Public Schools Community District","09475","Diann Banks-Williamson Educational Center","82","Wayne","LEA School","High School","City: Large","Wayne Region","         3","49","30","19","0","2","45","1","0","1","0","0","0","0","0","0","0","0","0","0","0","11","12","7","19","34","48","<10"
"20 - 21 School Year","82","Wayne RESA","82015","Detroit Public Schools Community District","00925","Dixon Elementary School","82","Wayne","LEA School","Elem_Middle School","City: Large","Wayne Region","         3","538","304","234","0","0","530","1","1","6","0","0","46","50","41","62","53","59","107","56","64","0","0","0","0","490","76","<10"
"20 - 21 School Year","82","Wayne RESA","82015","Detroit Public Schools Community District","00939","Dossin Elementary-Middle School","82","Wayne","LEA School","Elem_Middle School","City: Large","Wayne Region","         3","391","211","180","0","0","389","1","0","1","0","0","21","44","50","55","48","48","50","37","38","0","0","0","0","359","53","<10"
"20 - 21 School Year","82","Wayne RESA","82015","Detroit Public Schools Community District","00975","Durfee Elementary-Middle School","82","Wayne","LEA School","Elem_Middle School","City: Large","Wayne Region","         3","500","266","234","1","1","485","5","0","5","3","0","28","61","62","47","53","60","64","55","70","0","0","0","0","447","73","<10"
"20 - 21 School Year","82","Wayne RESA","82015","Detroit Public Schools Community District","00860","Earhart Elementary-Middle School","82","Wayne","LEA School","Elem_Middle School","City: Large","Wayne Region","         3","945","501","444","2","0","260","596","0","83","4","0","62","86","100","82","89","72","155","152","147","0","0","0","0","781","143","356"
"20 - 21 School Year","82","Wayne RESA","82015","Detroit Public Schools Community District","01189","East English Village Preparatory Academy","82","Wayne","LEA School","High School","City: Large","Wayne Region","         3","852","432","420","2","0","842","2","3","3","0","0","0","0","0","0","0","0","0","0","0","230","249","198","175","758","211","<10"
"20 - 21 School Year","82","Wayne RESA","82015","Detroit Public Schools Community District","01084","Edison Elementary School","82","Wayne","LEA School","Elementary","City: Large","Wayne Region","         3","322","164","158","0","0","319","1","0","2","0","0","48","62","75","46","47","44","0","0","0","0","0","0","0","281","21","<10"
"20 - 21 School Year","82","Wayne RESA","82015","Detroit Public Schools Community District","03639","Edmonson Montessori","82","Wayne","LEA School","Elem_Middle School","City: Large","Wayne Region","         3","146","88","58","0","0","116","8","0","21","1","0","44","37","32","24","7","1","1","0","0","0","0","0","0","79","<10","<10"
"20 - 21 School Year","82","Wayne RESA","82015","Detroit Public Schools Community District","03737","Edward ""Duke"" Ellington at Beckham","82","Wayne","LEA School","Elem_Middle School","City: Large","Wayne Region","         3","519","249","270","0","0","516","2","0","0","1","0","57","59","59","50","56","52","59","70","57","0","0","0","0","447","41","<10"
"20 - 21 School Year","82","Wayne RESA","82015","Detroit Public Schools Community District","01134","Emerson Elementary-Middle School","82","Wayne","LEA School","Elem_Middle School","City: Large","Wayne Region","         3","620","334","286","0","0","613","1","0","4","2","0","70","81","50","73","56","66","67","87","70","0","0","0","0","545","103","<10"
"20 - 21 School Year","82","Wayne RESA","82015","Detroit Public Schools Community District","09121","Fisher Magnet Lower Academy","82","Wayne","LEA School","Elementary","City: Large","Wayne Region","         3","473","252","221","1","5","463","2","0","1","1","0","79","101","106","95","92","0","0","0","0","0","0","0","0","439","70","<10"
"20 - 21 School Year","82","Wayne RESA","82015","Detroit Public Schools Community District","09345","Fisher Magnet Upper Academy","82","Wayne","LEA School","Elem_Middle School","City: Large","Wayne Region","         3","444","230","214","0","0","440","0","0","3","1","0","0","0","0","0","0","100","131","120","93","0","0","0","0","399","98","<10"
"20 - 21 School Year","82","Wayne RESA","82015","Detroit Public Schools Community District","07326","Foreign Language Immersion and Cultural Studies","82","Wayne","LEA School","Elem_Middle School","City: Large","Wayne Region","         3","697","324","373","1","0","684","7","0","5","0","0","62","89","94","85","95","78","65","65","64","0","0","0","0","410","38","<10"
"20 - 21 School Year","82","Wayne RESA","82015","Detroit Public Schools Community District","07135","Frederick Douglass Academy for Young Men","82","Wayne","LEA School","High School","City: Large","Wayne Region","         3","70","70","0","0","0","67","1","0","2","0","0","0","0","0","0","0","0","0","0","0","27","9","14","20","46","26","<10"
"20 - 21 School Year","82","Wayne RESA","82015","Detroit Public Schools Community District","01362","Gardner Elementary School","82","Wayne","LEA School","Elementary","City: Large","Wayne Region","         3","266","141","125","1","0","179","10","1","72","3","0","37","46","54","39","53","37","0","0","0","0","0","0","0","217","18","72"
"20 - 21 School Year","82","Wayne RESA","82015","Detroit Public Schools Community District","07581","Garvey Academy","82","Wayne","LEA School","Elem_Middle School","City: Large","Wayne Region","         3","343","161","182","0","0","341","0","1","0","1","0","46","55","43","50","31","40","29","20","29","0","0","0","0","287","89","<10"
"20 - 21 School Year","82","Wayne RESA","82015","Detroit Public Schools Community District","02479","Golightly Career and Technical  Center","82","Wayne","LEA Unique Education Provider","High School","City: Large","Wayne Region","         3","1","1","0","0","0","0","0","0","1","0","0","0","0","0","0","0","0","0","0","0","0","0","1","0","1","<10","<10"
"20 - 21 School Year","82","Wayne RESA","82015","Detroit Public Schools Community District","00176","Golightly Education Center","82","Wayne","LEA School","Elem_Middle School","City: Large","Wayne Region","         3","314","151","163","0","0","313","1","0","0","0","0","40","36","36","41","43","45","26","22","25","0","0","0","0","252","36","<10"
"20 - 21 School Year","82","Wayne RESA","82015","Detroit Public Schools Community District","01438","Gompers Elementary-Middle School","82","Wayne","LEA School","Elem_Middle School","City: Large","Wayne Region","         3","743","367","376","0","0","729","8","0","5","1","0","67","95","97","67","79","75","80","89","94","0","0","0","0","663","71","<10"
"20 - 21 School Year","82","Wayne RESA","82015","Detroit Public Schools Community District","01493","Greenfield Union Elementary-Middle School","82","Wayne","LEA School","Elem_Middle School","City: Large","Wayne Region","         3","231","129","102","1","0","225","0","0","5","0","0","25","27","29","23","28","21","28","24","26","0","0","0","0","212","60","<10"
"20 - 21 School Year","82","Wayne RESA","82015","Detroit Public Schools Community District","09994","Hamilton Academy","82","Wayne","LEA School","Elem_Middle School","City: Large","Wayne Region","         3","230","115","115","0","0","230","0","0","0","0","0","16","26","44","20","30","24","20","24","26","0","0","0","0","210","20","<10"
"20 - 21 School Year","82","Wayne RESA","82015","Detroit Public Schools Community District","01574","Harms Elementary School","82","Wayne","LEA School","Elementary","City: Large","Wayne Region","         3","321","176","145","1","0","33","264","0","21","2","0","36","43","57","69","54","62","0","0","0","0","0","0","0","284","35","224"
"20 - 21 School Year","82","Wayne RESA","82015","Detroit Public Schools Community District","00004","Henderson Academy","82","Wayne","LEA School","Elem_Middle School","City: Large","Wayne Region","         3","604","324","280","1","0","592","2","0","8","1","0","29","57","65","77","78","58","88","66","86","0","0","0","0","556","89","<10"
"20 - 21 School Year","82","Wayne RESA","82015","Detroit Public Schools Community District","01634","Henry Ford High School","82","Wayne","LEA School","High School","City: Large","Wayne Region","         3","747","429","318","0","0","739","5","1","1","1","0","0","0","0","0","0","0","0","0","0","263","189","127","168","614","151","<10"
"20 - 21 School Year","82","Wayne RESA","82015","Detroit Public Schools Community District","01803","Hutchinson Elementary-Middle School","82","Wayne","LEA School","Elem_Middle School","City: Large","Wayne Region","         3","304","145","159","0","1","301","0","0","2","0","0","34","37","30","37","39","28","42","29","28","0","0","0","0","263","53","<10"
"20 - 21 School Year","82","Wayne RESA","82015","Detroit Public Schools Community District","09992","J. E. Clark Preparatory Academy","82","Wayne","LEA School","Elem_Middle School","City: Large","Wayne Region","         3","352","180","172","0","0","347","1","0","4","0","0","34","41","40","38","29","48","35","46","41","0","0","0","0","325","25","<10"
"20 - 21 School Year","82","Wayne RESA","82015","Detroit Public Schools Community District","09592","Jerry L. White Center","82","Wayne","LEA School","High School","City: Large","Wayne Region","         3","180","110","70","0","0","158","11","0","11","0","0","0","0","0","0","0","0","0","0","0","24","34","31","91","146","180","14"
"20 - 21 School Year","82","Wayne RESA","82015","Detroit Public Schools Community District","02036","John R. King Academic and Performing Arts Academy","82","Wayne","LEA School","Elem_Middle School","City: Large","Wayne Region","         3","784","420","364","1","0","776","3","0","1","3","0","43","69","79","79","73","86","125","106","124","0","0","0","0","704","118","<10"
"20 - 21 School Year","82","Wayne RESA","82015","Detroit Public Schools Community District","09594","Keidan Special Education Center","82","Wayne","LEA School","Elem_Middle School","City: Large","Wayne Region","         3","89","51","38","1","1","65","13","0","8","1","0","3","4","6","11","15","11","14","15","10","0","0","0","0","74","87","<10"
"20 - 21 School Year","82","Wayne RESA","82015","Detroit Public Schools Community District","03481","Legacy Academy","82","Wayne","LEA School","Middle_High School","City: Large","Wayne Region","         3","43","32","11","0","0","42","1","0","0","0","0","0","0","0","0","0","0","4","6","6","5","2","14","6","36","<10","<10"
"20 - 21 School Year","82","Wayne RESA","82015","Detroit Public Schools Community District","03703","Ludington Magnet Middle School","82","Wayne","LEA School","Middle School","City: Large","Wayne Region","         3","137","70","67","0","0","135","1","0","0","1","0","0","0","0","0","0","0","0","44","93","0","0","0","0","110","42","<10"
"20 - 21 School Year","82","Wayne RESA","82015","Detroit Public Schools Community District","00853","Mackenzie Elementary-Middle School","82","Wayne","LEA School","Elem_Middle School","City: Large","Wayne Region","         3","799","426","373","1","0","792","5","1","0","0","0","77","76","95","93","78","86","94","107","93","0","0","0","0","724","142","<10"
"20 - 21 School Year","82","Wayne RESA","82015","Detroit Public Schools Community District","02341","Mann Learning Community","82","Wayne","LEA School","Elementary","City: Large","Wayne Region","         3","348","180","168","1","0","346","0","0","1","0","0","40","65","72","53","65","53","0","0","0","0","0","0","0","327","50","<10"
"20 - 21 School Year","82","Wayne RESA","82015","Detroit Public Schools Community District","02377","Marion Law Academy","82","Wayne","LEA School","Elem_Middle School","City: Large","Wayne Region","         3","407","202","205","0","0","405","2","0","0","0","0","43","44","47","51","41","46","56","37","42","0","0","0","0","365","48","<10"
"20 - 21 School Year","82","Wayne RESA","82015","Detroit Public Schools Community District","02383","Mark Twain Elementary-Middle School","82","Wayne","LEA School","Elem_Middle School","City: Large","Wayne Region","         3","204","104","100","0","0","170","25","0","4","5","0","33","26","22","21","25","28","13","19","17","0","0","0","0","185","24","10"
"20 - 21 School Year","82","Wayne RESA","82015","Detroit Public Schools Community District","02390","Marquette Elementary-Middle School","82","Wayne","LEA School","Elem_Middle School","City: Large","Wayne Region","         3","461","250","211","0","0","459","1","0","1","0","0","38","45","53","47","61","50","60","45","62","0","0","0","0","427","66","<10"
"20 - 21 School Year","82","Wayne RESA","82015","Detroit Public Schools Community District","01043","Martin Luther King Jr. Senior High School","82","Wayne","LEA School","High School","City: Large","Wayne Region","         3","955","493","462","1","0","951","0","1","1","1","0","0","0","0","0","0","0","0","0","0","176","310","218","251","712","91","<10"
"20 - 21 School Year","82","Wayne RESA","82015","Detroit Public Schools Community District","01518","Mary McLeod Bethune Elementary-Middle School","82","Wayne","LEA School","Elem_Middle School","City: Large","Wayne Region","         3","595","305","290","2","0","583","3","1","5","1","0","54","79","65","49","87","64","70","57","70","0","0","0","0","524","73","<10"
"20 - 21 School Year","82","Wayne RESA","82015","Detroit Public Schools Community District","02431","Mason Academy","82","Wayne","LEA School","Elem_Middle School","City: Large","Wayne Region","         3","435","232","203","0","0","430","0","4","0","1","0","31","52","49","54","57","46","54","61","31","0","0","0","0","384","69","<10"
"20 - 21 School Year","82","Wayne RESA","82015","Detroit Public Schools Community District","02448","Maybury Elementary School","82","Wayne","LEA School","Elementary","City: Large","Wayne Region","         3","249","119","130","1","0","41","192","0","13","2","0","41","45","44","40","41","38","0","0","0","0","0","0","0","211","25","107"
"20 - 21 School Year","82","Wayne RESA","82015","Detroit Public Schools Community District","08951","Moses Field Center","82","Wayne","LEA School","Elem_Middle School","City: Large","Wayne Region","         3","60","32","28","0","9","48","1","0","1","1","0","0","7","6","6","10","12","7","7","5","0","0","0","0","45","58","<10"
"20 - 21 School Year","82","Wayne RESA","82015","Detroit Public Schools Community District","02644","Mumford High School","82","Wayne","LEA School","High School","City: Large","Wayne Region","         3","899","459","440","0","0","893","3","0","1","2","0","0","0","0","0","0","0","0","0","0","241","251","207","200","750","172","<10"
"20 - 21 School Year","82","Wayne RESA","82015","Detroit Public Schools Community District","00858","Munger Elementary-Middle School","82","Wayne","LEA School","Elem_Middle School","City: Large","Wayne Region","         3","896","458","438","0","0","130","691","0","75","0","0","54","87","102","106","113","103","99","110","122","0","0","0","0","705","81","499"
"20 - 21 School Year","82","Wayne RESA","82015","Detroit Public Schools Community District","02669","Neinas Dual Language Learning Academy","82","Wayne","LEA School","Elem_Middle School","City: Large","Wayne Region","         3","385","204","181","0","0","47","311","0","26","1","0","39","43","52","40","38","42","42","37","52","0","0","0","0","334","56","182"
"20 - 21 School Year","82","Wayne RESA","82015","Detroit Public Schools Community District","02703","Nichols Elementary-Middle School","82","Wayne","LEA School","Elem_Middle School","City: Large","Wayne Region","         3","281","142","139","0","0","278","0","0","3","0","0","15","31","28","37","24","27","35","42","42","0","0","0","0","241","39","<10"
"20 - 21 School Year","82","Wayne RESA","82015","Detroit Public Schools Community District","06103","Noble Elementary-Middle School","82","Wayne","LEA School","Elem_Middle School","City: Large","Wayne Region","         3","516","284","232","2","0","503","4","0","3","4","0","49","69","59","68","54","54","53","56","54","0","0","0","0","470","113","<10"
"20 - 21 School Year","82","Wayne RESA","82015","Detroit Public Schools Community District","02708","Nolan Elementary-Middle School","82","Wayne","LEA School","Elem_Middle School","City: Large","Wayne Region","         3","445","217","228","1","1","440","3","0","0","0","0","49","59","50","56","59","49","40","39","44","0","0","0","0","411","38","<10"
"20 - 21 School Year","82","Wayne RESA","82015","Detroit Public Schools Community District","00032","Osborn High School","82","Wayne","LEA School","High School","City: Large","Wayne Region","         3","440","248","192","1","2","432","0","0","5","0","0","0","0","0","0","0","0","0","0","0","134","104","106","96","399","120","<10"
"20 - 21 School Year","82","Wayne RESA","82015","Detroit Public Schools Community District","01552","Palmer Park Preparatory Academy","82","Wayne","LEA School","Elem_Middle School","City: Large","Wayne Region","         3","463","243","220","2","1","435","3","0","15","7","0","34","28","51","38","45","42","47","73","105","0","0","0","0","376","58","<10"
"20 - 21 School Year","82","Wayne RESA","82015","Detroit Public Schools Community District","02969","Pasteur Elementary School","82","Wayne","LEA School","Elem_Middle School","City: Large","Wayne Region","         3","283","146","137","0","0","283","0","0","0","0","0","23","44","46","40","42","47","41","0","0","0","0","0","0","248","71","<10"
"20 - 21 School Year","82","Wayne RESA","82015","Detroit Public Schools Community District","07633","Paul Robeson Malcolm X Academy","82","Wayne","LEA School","Elem_Middle School","City: Large","Wayne Region","         3","363","191","172","0","0","363","0","0","0","0","0","41","43","51","44","37","42","21","41","43","0","0","0","0","321","28","<10"
"20 - 21 School Year","82","Wayne RESA","82015","Detroit Public Schools Community District","03015","Pershing High School","82","Wayne","LEA School","High School","City: Large","Wayne Region","         3","403","233","170","0","8","393","0","1","1","0","0","0","0","0","0","0","0","0","0","0","126","72","122","83","343","76","<10"
"20 - 21 School Year","82","Wayne RESA","82015","Detroit Public Schools Community District","03123","Priest Elementary-Middle School","82","Wayne","LEA School","Elem thru High School","City: Large","Wayne Region","         3","698","364","334","0","9","123","347","1","218","0","0","69","65","71","79","70","87","97","82","78","0","0","0","0","610","73","397"
"20 - 21 School Year","82","Wayne RESA","82015","Detroit Public Schools Community District","03130","Pulaski Elementary-Middle School","82","Wayne","LEA School","Elem_Middle School","City: Large","Wayne Region","         3","375","179","196","1","4","357","2","1","4","6","0","32","31","45","41","57","41","37","43","48","0","0","0","0","345","38","<10"
"20 - 21 School Year","82","Wayne RESA","82015","Detroit Public Schools Community District","06971","Renaissance High School","82","Wayne","LEA School","High School","City: Large","Wayne Region","         3","1176","403","773","1","3","1164","5","0","2","1","0","0","0","0","0","0","0","0","0","0","269","346","295","266","638","21","<10"
"20 - 21 School Year","82","Wayne RESA","82015","Detroit Public Schools Community District","00238","Roberto Clemente Learning Academy","82","Wayne","LEA School","Elementary","City: Large","Wayne Region","         3","604","314","290","0","0","26","533","0","43","2","0","93","99","88","108","98","118","0","0","0","0","0","0","0","528","57","428"
"20 - 21 School Year","82","Wayne RESA","82015","Detroit Public Schools Community District","04062","Ronald Brown Academy","82","Wayne","LEA School","Elem_Middle School","City: Large","Wayne Region","         3","717","399","318","2","0","704","4","0","2","5","0","41","96","92","78","88","92","77","77","76","0","0","0","0","600","127","<10"
"20 - 21 School Year","82","Wayne RESA","82015","Detroit Public Schools Community District","04413","Sampson-Webber Leadership Academy","82","Wayne","LEA School","Elem_Middle School","City: Large","Wayne Region","         3","334","180","154","0","0","323","3","0","2","6","0","28","41","43","34","38","46","40","34","30","0","0","0","0","311","60","<10"
"20 - 21 School Year","82","Wayne RESA","82015","Detroit Public Schools Community District","03420","Schulze Academy for Technology and Arts","82","Wayne","LEA School","Elem_Middle School","City: Large","Wayne Region","         3","656","336","320","0","0","654","2","0","0","0","0","57","87","99","88","91","99","69","66","0","0","0","0","0","585","68","<10"
"20 - 21 School Year","82","Wayne RESA","82015","Detroit Public Schools Community District","03444","SER Metro YouthBuild Learning Academy","82","Wayne","LEA School","High School","City: Small","Wayne Region","         3","71","35","36","0","0","39","20","0","12","0","0","0","0","0","0","0","0","0","0","0","5","23","25","18","63","<10","19"
"20 - 21 School Year","82","Wayne RESA","82015","Detroit Public Schools Community District","03540","Southeastern High School","82","Wayne","LEA School","High School","City: Large","Wayne Region","         3","431","226","205","0","1","427","2","0","1","0","0","0","0","0","0","0","0","0","0","0","240","80","74","37","355","56","<10"
"20 - 21 School Year","82","Wayne RESA","82015","Detroit Public Schools Community District","03558","Spain Elementary-Middle School","82","Wayne","LEA School","Elem_Middle School","City: Large","Wayne Region","         3","295","139","156","1","0","289","3","0","0","2","0","33","39","28","28","32","40","35","26","34","0","0","0","0","242","44","<10"
"20 - 21 School Year","82","Wayne RESA","82015","Detroit Public Schools Community District","03638","The School at Marygrove","82","Wayne","LEA School","High School","City: Large","Wayne Region","         3","208","92","116","1","0","202","0","0","5","0","0","0","0","0","0","0","0","0","0","0","92","116","0","0","124","13","<10"
"20 - 21 School Year","82","Wayne RESA","82015","Detroit Public Schools Community District","03662","The SER Learning Academy â€“ East","82","Wayne","LEA School","High School","Not Specified","Wayne Region","         3","43","22","21","0","0","43","0","0","0","0","0","0","0","0","0","0","0","0","0","0","4","13","19","7","42","<10","<10"
"20 - 21 School Year","82","Wayne RESA","82015","Detroit Public Schools Community District","04156","Thirkell Elementary-Middle School","82","Wayne","LEA School","Elem_Middle School","City: Large","Wayne Region","         3","563","302","261","0","0","558","4","0","1","0","0","29","70","81","95","62","63","57","53","53","0","0","0","0","509","98","<10"
"20 - 21 School Year","82","Wayne RESA","82015","Detroit Public Schools Community District","00857","Thurgood Marshall Elementary School","82","Wayne","LEA School","Elem_Middle School","City: Large","Wayne Region","         3","447","244","203","1","0","441","4","0","0","1","0","42","49","65","48","61","38","41","46","57","0","0","0","0","397","103","<10"
"20 - 21 School Year","82","Wayne RESA","82015","Detroit Public Schools Community District","03284","Turning Point Academy","82","Wayne","LEA School","Elem thru High School","City: Large","Wayne Region","         3","37","24","13","0","0","36","0","0","0","1","0","0","0","0","1","0","4","2","3","8","9","3","6","1","33","34","<10"
"20 - 21 School Year","82","Wayne RESA","82015","Detroit Public Schools Community District","04292","Vernor Elementary School","82","Wayne","LEA School","Elem_Middle School","City: Large","Wayne Region","         3","246","126","120","0","0","244","1","1","0","0","0","34","43","27","40","31","30","20","21","0","0","0","0","0","213","24","<10"
"20 - 21 School Year","82","Wayne RESA","82015","Detroit Public Schools Community District","04406","Wayne Elementary School","82","Wayne","LEA School","Elementary","City: Large","Wayne Region","         3","304","150","154","0","0","304","0","0","0","0","0","44","48","56","47","56","53","0","0","0","0","0","0","0","281","32","<10"
"20 - 21 School Year","82","Wayne RESA","82015","Detroit Public Schools Community District","08929","West Side Academy of Information Technology and Cyber Security","82","Wayne","LEA School","High School","City: Large","Wayne Region","         3","274","156","118","1","0","266","4","0","3","0","0","0","0","0","0","0","0","0","0","0","73","81","60","60","252","69","<10"
"20 - 21 School Year","82","Wayne RESA","82015","Detroit Public Schools Community District","04477","Western International High School","82","Wayne","LEA School","High School","City: Large","Wayne Region","         3","2007","1068","939","6","2","364","1460","0","174","1","0","0","0","0","0","0","0","0","0","0","465","516","499","527","1543","220","1116"
