"Children with Disabilities, School Age [Ages 5 (in Kindergarten) - 21], South Carolina",,,,,,,,,,,,,,,,,,,,,,,,,,,,,,,,,,
,,,,,,,,,,,,,,,,,,,,,,,,,,,,,,,,,,
District Demographic Summary,,,,,,,,,,,,,,,,,,,,,,,,,,,,,,,,,,
,,,,,,,,,,,,,,,,,,,,,,,,,,,,,,,,,,
Data Notes,,,,,,,,,,,,,,,,,,,,,,,,,,,,,,,,,,
"These data are reflective of students with disabilities, ages 5 (in Kindergarten) to 21, in special education and related services through Individualized Education Programs under the coverage of the Individuals with Disabilities Education Act, 2004.  These counts would not include children with disabilities who do not have IEPs.  The designation of * indicates that the values were 10 or less. Consequently, the data have been suppressed to comply with the Family Educational Rights and Privacy Act (FERPA) and with the SC Department of Education's policy on public reporting of small cell sizes.  Numbers and/or percentages may not add up to statewide totals or 100% as a result.  The Child Count date for the 2020-2021 school year was Tuesday, October 27, 2020.",,,,,,,,,,,,,,,,,,,,,,,,,,,,,,,,,,
,,,,,,,,,,,,,,,,,,,,,,,,,,,,,,,,,,
,Gender,,,,,,,,,,,,,,,,,,,,,,,,,,,,,,,,,
,Female,,Male,,,,,,,,,,,,,,,,,,,,,,,,,,,,,,,
District,N,Column %,N,Column %,,,,,,,,,,,,,,,,,,,,,,,,,,,,,,
Abbeville,120,0.35%,258,0.38%,,,,,,,,,,,,,,,,,,,,,,,,,,,,,,
Aiken,937,2.74%,1832,2.73%,,,,,,,,,,,,,,,,,,,,,,,,,,,,,,
Allendale,32,0.09%,70,0.10%,,,,, ,,,,,,,,,,,,,,,,,,,,,,,,,
Anderson 1,539,1.57%,875,1.30%,,,,,,,,,,,,,,,,,,,,,,,,,,,,,,
Anderson 2,161,0.47%,355,0.53%,,,,,,,,,,,,,,,,,,,,,,,,,,,,,,
Anderson 3,150,0.44%,188,0.28%,,,,,,,,,,,,,,,,,,,,,,,,,,,,,,
Anderson 4,143,0.42%,264,0.39%,,,,,,,,,,,,,,,,,,,,,,,,,,,,,,
Anderson 5,593,1.73%,1157,1.72%,,,,,,,,,,,,,,,,,,,,,,,,,,,,,,
Bamberg 1,61,0.18%,87,0.13%,,,,,,,,,,,,,,,,,,,,,,,,,,,,,,
Bamberg 2,37,0.11%,74,0.11%,,,,,,,,,,,,,,,,,,,,,,,,,,,,,,
Barnwell 19,19,0.06%,64,0.10%,,,,,,,,,,,,,,,,,,,,,,,,,,,,,,
Barnwell 29,24,0.07%,50,0.07%,,,,,,,,,,,,,,,,,,,,,,,,,,,,,,
Barnwell 45,97,0.28%,225,0.34%,,,,,,,,,,,,,,,,,,,,,,,,,,,,,,
Beaufort,703,2.05%,1421,2.12%,,,,,,,,,,,,,,,,,,,,,,,,,,,,,,
Berkeley,1451,4.24%,2934,4.37%,,,,,,,,,,,,,,,,,,,,,,,,,,,,,,
Calhoun,84,0.25%,164,0.24%,,,,,,,,,,,,,,,,,,,,,,,,,,,,,,
Charleston,1574,4.60%,3422,5.10%,,,,,,,,,,,,,,,,,,,,,,,,,,,,,,
Charter Erskine,894,2.61%,1658,2.47%,,,,,,,,,,,,,,,,,,,,,,,,,,,,,,
Cherokee,352,1.03%,652,0.97%,,,,,,,,,,,,,,,,,,,,,,,,,,,,,,
Chester,222,0.65%,474,0.71%,,,,,,,,,,,,,,,,,,,,,,,,,,,,,,
Chesterfield,218,0.64%,518,0.77%,,,,,,,,,,,,,,,,,,,,,,,,,,,,,,
Clarendon 1,32,0.09%,70,0.10%,,,,,,,,,,,,,,,,,,,,,,,,,,,,,,
Clarendon 2,109,0.32%,297,0.44%,,,,,,,,,,,,,,,,,,,,,,,,,,,,,,
Clarendon 3,58,0.17%,107,0.16%,,,,,,,,,,,,,,,,,,,,,,,,,,,,,,
Colleton,290,0.85%,521,0.78%,,,,,,,,,,,,,,,,,,,,,,,,,,,,,,
Darlington,463,1.35%,929,1.38%,,,,,,,,,,,,,,,,,,,,,,,,,,,,,,
Dillon 3,47,0.14%,119,0.18%,,,,,,,,,,,,,,,,,,,,,,,,,,,,,,
Dillon 4,83,0.24%,227,0.34%,,,,,,,,,,,,,,,,,,,,,,,,,,,,,,
Dorchester 2,1009,2.95%,2029,3.02%,,,,,,,,,,,,,,,,,,,,,,,,,,,,,,
Dorchester 4,118,0.34%,234,0.35%,,,,,,,,,,,,,,,,,,,,,,,,,,,,,,
Edgefield,110,0.32%,229,0.34%,,,,,,,,,,,,,,,,,,,,,,,,,,,,,,
Fairfield,110,0.32%,257,0.38%,,,,,,,,,,,,,,,,,,,,,,,,,,,,,,
Florence 1,665,1.94%,1289,1.92%,,,,,,,,,,,,,,,,,,,,,,,,,,,,,,
Florence 2,70,0.20%,133,0.20%,,,,,,,,,,,,,,,,,,,,,,,,,,,,,,
Florence 3,185,0.54%,377,0.56%,,,,,,,,,,,,,,,,,,,,,,,,,,,,,,
Florence 4,38,0.11%,68,0.10%,,,,,,,,,,,,,,,,,,,,,,,,,,,,,,
Florence 5,98,0.29%,158,0.24%,,,,,,,,,,,,,,,,,,,,,,,,,,,,,,
Georgetown,440,1.29%,880,1.31%,,,,,,,,,,,,,,,,,,,,,,,,,,,,,,
Greenville,3911,11.42%,7203,10.73%,,,,,,,,,,,,,,,,,,,,,,,,,,,,,,
Greenwood 50,309,0.90%,642,0.96%,,,,,,,,,,,,,,,,,,,,,,,,,,,,,,
Greenwood 51,61,0.18%,102,0.15%,,,,,,,,,,,,,,,,,,,,,,,,,,,,,,
Greenwood 52,50,0.15%,123,0.18%,,,,,,,,,,,,,,,,,,,,,,,,,,,,,,
Hampton 1,52,0.15%,136,0.20%,,,,,,,,,,,,,,,,,,,,,,,,,,,,,,
Hampton 2,32,0.09%,61,0.09%,,,,,,,,,,,,,,,,,,,,,,,,,,,,,,
Horry,2075,6.06%,4034,6.01%,,,,,,,,,,,,,,,,,,,,,,,,,,,,,,
Jasper,76,0.22%,166,0.25%,,,,,,,,,,,,,,,,,,,,,,,,,,,,,,
Kershaw,506,1.48%,913,1.36%,,,,,,,,,,,,,,,,,,,,,,,,,,,,,,
Lancaster,667,1.95%,1318,1.96%,,,,,,,,,,,,,,,,,,,,,,,,,,,,,,
Laurens 55,280,0.82%,496,0.74%,,,,,,,,,,,,,,,,,,,,,,,,,,,,,,
Laurens 56,172,0.50%,317,0.47%,,,,,,,,,,,,,,,,,,,,,,,,,,,,,,
Lee,61,0.18%,143,0.21%,,,,,,,,,,,,,,,,,,,,,,,,,,,,,,
Lexington 1,1220,3.56%,2331,3.47%,,,,,,,,,,,,,,,,,,,,,,,,,,,,,,
Lexington 2,438,1.28%,921,1.37%,,,,,,,,,,,,,,,,,,,,,,,,,,,,,,
Lexington 3,102,0.30%,215,0.32%,,,,,,,,,,,,,,,,,,,,,,,,,,,,,,
Lexington 4,211,0.62%,417,0.62%,,,,,,,,,,,,,,,,,,,,,,,,,,,,,,
Lexington 5,696,2.03%,1481,2.21%,,,,,,,,,,,,,,,,,,,,,,,,,,,,,,
Marion,202,0.59%,449,0.67%,,,,,,,,,,,,,,,,,,,,,,,,,,,,,,
Marlboro,148,0.43%,340,0.51%,,,,,,,,,,,,,,,,,,,,,,,,,,,,,,
McCormick,42,0.12%,75,0.11%,,,,,,,,,,,,,,,,,,,,,,,,,,,,,,
Newberry,244,0.71%,496,0.74%,,,,,,,,,,,,,,,,,,,,,,,,,,,,,,
Oconee,711,2.08%,1241,1.85%,,,,,,,,,,,,,,,,,,,,,,,,,,,,,,
Orangeburg,457,1.33%,1013,1.51%,,,,,,,,,,,,,,,,,,,,,,,,,,,,,,
Palmetto Unified,*,*,40,0.06%,,,,,,,,,,,,,,,,,,,,,,,,,,,,,,
Pickens,730,2.13%,1354,2.02%,,,,,,,,,,,,,,,,,,,,,,,,,,,,,,
Richland 1,944,2.76%,1875,2.79%,,,,,,,,,,,,,,,,,,,,,,,,,,,,,,
Richland 2,1171,3.42%,2346,3.49%,,,,,,,,,,,,,,,,,,,,,,,,,,,,,,
SC Department of Juvenile Justice,*,*,111,0.17%,,,,,,,,,,,,,,,,,,,,,,,,,,,,,,
SC Governor's School for Arts and Humanities,*,*,*,*,,,,,,,,,,,,,,,,,,,,,,,,,,,,,,
SC Governor's School for Science and Mathematics,*,*,*,*,,,,,,,,,,,,,,,,,,,,,,,,,,,,,,
SC Public Charter,638,1.86%,1067,1.59%,,,,,,,,,,,,,,,,,,,,,,,,,,,,,,
SC School for the Deaf & Blind,82,0.24%,82,0.12%,,,,,,,,,,,,,,,,,,,,,,,,,,,,,,
Saluda,129,0.38%,252,0.38%,,,,,,,,,,,,,,,,,,,,,,,,,,,,,,
Spartanburg 1,185,0.54%,388,0.58%,,,,,,,,,,,,,,,,,,,,,,,,,,,,,,
Spartanburg 2,477,1.39%,923,1.38%,,,,,,,,,,,,,,,,,,,,,,,,,,,,,,
Spartanburg 3,129,0.38%,294,0.44%,,,,,,,,,,,,,,,,,,,,,,,,,,,,,,
Spartanburg 4,126,0.37%,244,0.36%,,,,,,,,,,,,,,,,,,,,,,,,,,,,,,
Spartanburg 5,458,1.34%,847,1.26%,,,,,,,,,,,,,,,,,,,,,,,,,,,,,,
Spartanburg 6,628,1.83%,1142,1.70%,,,,,,,,,,,,,,,,,,,,,,,,,,,,,,
Spartanburg 7,313,0.91%,600,0.89%,,,,,,,,,,,,,,,,,,,,,,,,,,,,,,
Sumter,762,2.23%,1485,2.21%,,,,,,,,,,,,,,,,,,,,,,,,,,,,,,
Union,240,0.70%,453,0.67%,,,,,,,,,,,,,,,,,,,,,,,,,,,,,,
Wil Lou Gray,*,*,12,0.02%,,,,,,,,,,,,,,,,,,,,,,,,,,,,,,
Williamsburg,164,0.48%,410,0.61%,,,,,,,,,,,,,,,,,,,,,,,,,,,,,,
York 1,322,0.94%,620,0.92%,,,,,,,,,,,,,,,,,,,,,,,,,,,,,,
York 2,259,0.76%,531,0.79%,,,,,,,,,,,,,,,,,,,,,,,,,,,,,,
York 3,873,2.55%,1680,2.50%,,,,,,,,,,,,,,,,,,,,,,,,,,,,,,
York 4,539,1.57%,1070,1.59%,,,,,,,,,,,,,,,,,,,,,,,,,,,,,,
,,,,,,,,,,,,,,,,,,,,,,,,,,,,,,,,,,
,,,,,,,,,,,,,,,,,,,,,,,,,,,,,,,,,,
,Ethnicity or Race,,,,,,,,,,,,,,,,,,,,,,,,,,,,,,,,,
,American Indian,,Asian,,Black or African American,,Hispanic,,Pacific Islander or Hawaiian,,Two or more races,,White,,,,,,,,,,,,,,,,,,,,,
District,N,Column %,N,Column %,N,Column %,N,Column %,N,Column %,N,Column %,N,Column %,,,,,,,,,,,,,,,,,,,,
Abbeville,*,*,*,*,131,0.33%,*,*,*,*,15,0.30%,225,0.49%,,,,,,,,,,,,,,,,,,,,
Aiken,*,*,*,*,1182,2.99%,277,2.78%,*,*,107,2.14%,1186,2.60%,,,,,,,,,,,,,,,,,,,,
Allendale,*,*,*,*,91,0.23%,*,*,*,*,*,*,*,*,,,,,,,,,,,,,,,,,,,,
Anderson 1,*,*,12,1.59%,125,0.32%,121,1.21%,*,*,67,1.34%,1082,2.37%,,,,,,,,,,,,,,,,,,,,
Anderson 2,*,*,*,*,84,0.21%,19,0.19%,*,*,26,0.52%,384,0.84%,,,,,,,,,,,,,,,,,,,,
Anderson 3,*,*,*,*,39,0.10%,17,0.17%,*,*,12,0.24%,267,0.58%,,,,,,,,,,,,,,,,,,,,
Anderson 4,*,*,*,*,66,0.17%,16,0.16%,*,*,25,0.50%,299,0.65%,,,,,,,,,,,,,,,,,,,,
Anderson 5,*,*,*,*,729,1.85%,131,1.31%,*,*,130,2.60%,745,1.63%,,,,,,,,,,,,,,,,,,,,
Bamberg 1,*,*,*,*,82,0.21%,*,*,*,*,*,*,59,0.13%,,,,,,,,,,,,,,,,,,,,
Bamberg 2,*,*,*,*,100,0.25%,*,*,*,*,*,*,*,*,,,,,,,,,,,,,,,,,,,,
Barnwell 19,*,*,*,*,70,0.18%,*,*,*,*,*,*,*,*,,,,,,,,,,,,,,,,,,,,
Barnwell 29,*,*,*,*,43,0.11%,*,*,*,*,*,*,26,0.06%,,,,,,,,,,,,,,,,,,,,
Barnwell 45,*,*,*,*,168,0.43%,*,*,*,*,18,0.36%,124,0.27%,,,,,,,,,,,,,,,,,,,,
Beaufort,*,*,11,1.45%,747,1.89%,608,6.09%,*,*,87,1.74%,669,1.46%,,,,,,,,,,,,,,,,,,,,
Berkeley,*,*,36,4.76%,1429,3.62%,514,5.15%,*,*,311,6.23%,2081,4.55%,,,,,,,,,,,,,,,,,,,,
Calhoun,*,*,*,*,127,0.32%,*,*,*,*,*,*,114,0.25%,,,,,,,,,,,,,,,,,,,,
Charleston,*,*,44,5.81%,2593,6.56%,472,4.73%,*,*,153,3.06%,1724,3.77%,,,,,,,,,,,,,,,,,,,,
Charter Erskine,*,*,13,1.72%,641,1.62%,172,1.72%,*,*,115,2.30%,1599,3.50%,,,,,,,,,,,,,,,,,,,,
Cherokee,*,*,*,*,269,0.68%,60,0.60%,*,*,28,0.56%,643,1.41%,,,,,,,,,,,,,,,,,,,,
Chester,*,*,*,*,337,0.85%,17,0.17%,*,*,27,0.54%,314,0.69%,,,,,,,,,,,,,,,,,,,,
Chesterfield,*,*,*,*,301,0.76%,39,0.39%,*,*,45,0.90%,349,0.76%,,,,,,,,,,,,,,,,,,,,
Clarendon 1,*,*,*,*,92,0.23%,*,*,*,*,*,*,*,*,,,,,,,,,,,,,,,,,,,,
Clarendon 2,*,*,*,*,249,0.63%,11,0.11%,*,*,*,*,134,0.29%,,,,,,,,,,,,,,,,,,,,
Clarendon 3,*,*,*,*,56,0.14%,12,0.12%,*,*,*,*,95,0.21%,,,,,,,,,,,,,,,,,,,,
Colleton,*,*,*,*,407,1.03%,44,0.44%,*,*,30,0.60%,325,0.71%,,,,,,,,,,,,,,,,,,,,
Darlington,*,*,*,*,713,1.81%,46,0.46%,*,*,146,2.92%,483,1.06%,,,,,,,,,,,,,,,,,,,,
Dillon 3,*,*,*,*,72,0.18%,*,*,*,*,*,*,86,0.19%,,,,,,,,,,,,,,,,,,,,
Dillon 4,14,4.03%,*,*,167,0.42%,11,0.11%,*,*,19,0.38%,98,0.21%,,,,,,,,,,,,,,,,,,,,
Dorchester 2,*,*,25,3.30%,1109,2.81%,287,2.88%,*,*,228,4.57%,1381,3.02%,,,,,,,,,,,,,,,,,,,,
Dorchester 4,*,*,*,*,192,0.49%,*,*,*,*,20,0.40%,124,0.27%,,,,,,,,,,,,,,,,,,,,
Edgefield,*,*,*,*,152,0.38%,25,0.25%,*,*,19,0.38%,143,0.31%,,,,,,,,,,,,,,,,,,,,
Fairfield,*,*,*,*,293,0.74%,*,*,*,*,*,*,61,0.13%,,,,,,,,,,,,,,,,,,,,
Florence 1,*,*,16,2.11%,1190,3.01%,110,1.10%,*,*,121,2.42%,515,1.13%,,,,,,,,,,,,,,,,,,,,
Florence 2,*,*,*,*,77,0.19%,*,*,*,*,*,*,106,0.23%,,,,,,,,,,,,,,,,,,,,
Florence 3,*,*,*,*,378,0.96%,19,0.19%,*,*,11,0.22%,150,0.33%,,,,,,,,,,,,,,,,,,,,
Florence 4,*,*,*,*,75,0.19%,*,*,*,*,*,*,19,0.04%,,,,,,,,,,,,,,,,,,,,
Florence 5,*,*,*,*,91,0.23%,*,*,*,*,*,*,145,0.32%,,,,,,,,,,,,,,,,,,,,
Georgetown,*,*,*,*,713,1.81%,61,0.61%,*,*,21,0.42%,521,1.14%,,,,,,,,,,,,,,,,,,,,
Greenville,30,8.65%,110,14.53%,3603,9.12%,1755,17.59%,17,16.83%,481,9.64%,5118,11.20%,,,,,,,,,,,,,,,,,,,,
Greenwood 50,*,*,*,*,487,1.23%,106,1.06%,*,*,25,0.50%,320,0.70%,,,,,,,,,,,,,,,,,,,,
Greenwood 51,*,*,*,*,26,0.07%,*,*,*,*,*,*,128,0.28%,,,,,,,,,,,,,,,,,,,,
Greenwood 52,*,*,*,*,54,0.14%,*,*,*,*,*,*,107,0.23%,,,,,,,,,,,,,,,,,,,,
Hampton 1,*,*,*,*,102,0.26%,*,*,*,*,*,*,76,0.17%,,,,,,,,,,,,,,,,,,,,
Hampton 2,*,*,*,*,73,0.18%,*,*,*,*,*,*,19,0.04%,,,,,,,,,,,,,,,,,,,,
Horry,24,6.92%,23,3.04%,1697,4.30%,721,7.22%,*,*,358,7.17%,3279,7.18%,,,,,,,,,,,,,,,,,,,,
Jasper,*,*,*,*,152,0.38%,57,0.57%,*,*,*,*,31,0.07%,,,,,,,,,,,,,,,,,,,,
Kershaw,*,*,*,*,446,1.13%,116,1.16%,*,*,95,1.90%,754,1.65%,,,,,,,,,,,,,,,,,,,,
Lancaster,*,*,13,1.72%,641,1.62%,193,1.93%,*,*,87,1.74%,1046,2.29%,,,,,,,,,,,,,,,,,,,,
Laurens 55,*,*,*,*,234,0.59%,96,0.96%,*,*,27,0.54%,416,0.91%,,,,,,,,,,,,,,,,,,,,
Laurens 56,*,*,*,*,206,0.52%,28,0.28%,*,*,24,0.48%,228,0.50%,,,,,,,,,,,,,,,,,,,,
Lee,*,*,*,*,172,0.44%,*,*,*,*,*,*,19,0.04%,,,,,,,,,,,,,,,,,,,,
Lexington 1,17,4.90%,47,6.21%,632,1.60%,332,3.33%,*,*,180,3.61%,2336,5.11%,,,,,,,,,,,,,,,,,,,,
Lexington 2,*,*,*,*,498,1.26%,272,2.73%,*,*,88,1.76%,489,1.07%,,,,,,,,,,,,,,,,,,,,
Lexington 3,*,*,*,*,116,0.29%,38,0.38%,*,*,21,0.42%,142,0.31%,,,,,,,,,,,,,,,,,,,,
Lexington 4,*,*,*,*,125,0.32%,110,1.10%,*,*,33,0.66%,356,0.78%,,,,,,,,,,,,,,,,,,,,
Lexington 5,*,*,30,3.96%,829,2.10%,130,1.30%,*,*,126,2.52%,1048,2.29%,,,,,,,,,,,,,,,,,,,,
Marion,*,*,*,*,490,1.24%,22,0.22%,*,*,11,0.22%,123,0.27%,,,,,,,,,,,,,,,,,,,,
Marlboro,26,7.49%,*,*,289,0.73%,*,*,*,*,30,0.60%,133,0.29%,,,,,,,,,,,,,,,,,,,,
McCormick,*,*,*,*,84,0.21%,*,*,*,*,*,*,25,0.05%,,,,,,,,,,,,,,,,,,,,
Newberry,*,*,*,*,302,0.76%,115,1.15%,*,*,36,0.72%,283,0.62%,,,,,,,,,,,,,,,,,,,,
Oconee,*,*,*,*,244,0.62%,227,2.27%,*,*,87,1.74%,1382,3.02%,,,,,,,,,,,,,,,,,,,,
Orangeburg,*,*,*,*,1123,2.84%,46,0.46%,*,*,20,0.40%,271,0.59%,,,,,,,,,,,,,,,,,,,,
Palmetto Unified,*,*,*,*,32,0.08%,*,*,*,*,*,*,*,*,,,,,,,,,,,,,,,,,,,,
Pickens,*,*,*,*,230,0.58%,170,1.70%,*,*,131,2.62%,1545,3.38%,,,,,,,,,,,,,,,,,,,,
Richland 1,*,*,*,*,2232,5.65%,136,1.36%,*,*,131,2.62%,307,0.67%,,,,,,,,,,,,,,,,,,,,
Richland 2,*,*,49,6.47%,2286,5.79%,387,3.88%,*,*,184,3.69%,602,1.32%,,,,,,,,,,,,,,,,,,,,
SC Department of Juvenile Justice,*,*,*,*,94,0.24%,*,*,*,*,*,*,20,0.04%,,,,,,,,,,,,,,,,,,,,
SC Governor's School for Arts and Humanities,*,*,*,*,*,*,*,*,*,*,*,*,*,*,,,,,,,,,,,,,,,,,,,,
SC Governor's School for Science and Mathematics,*,*,*,*,*,*,*,*,*,*,*,*,*,*,,,,,,,,,,,,,,,,,,,,
SC Public Charter,51,14.70%,24,3.17%,508,1.29%,*,*,*,*,68,1.36%,1049,2.30%,,,,,,,,,,,,,,,,,,,,
SC School for the Deaf & Blind,*,*,*,*,69,0.17%,20,0.20%,*,*,*,*,64,0.14%,,,,,,,,,,,,,,,,,,,,
Saluda,*,*,*,*,106,0.27%,117,1.17%,*,*,11,0.22%,145,0.32%,,,,,,,,,,,,,,,,,,,,
Spartanburg 1,*,*,*,*,62,0.16%,42,0.42%,*,*,39,0.78%,422,0.92%,,,,,,,,,,,,,,,,,,,,
Spartanburg 2,*,*,27,3.57%,222,0.56%,103,1.03%,*,*,97,1.94%,942,2.06%,,,,,,,,,,,,,,,,,,,,
Spartanburg 3,*,*,*,*,74,0.19%,48,0.48%,*,*,13,0.26%,285,0.62%,,,,,,,,,,,,,,,,,,,,
Spartanburg 4,*,*,*,*,65,0.16%,34,0.34%,*,*,19,0.38%,249,0.54%,,,,,,,,,,,,,,,,,,,,
Spartanburg 5,*,*,18,2.38%,294,0.74%,148,1.48%,*,*,92,1.84%,751,1.64%,,,,,,,,,,,,,,,,,,,,
Spartanburg 6,*,*,26,3.43%,638,1.62%,366,3.67%,*,*,116,2.32%,622,1.36%,,,,,,,,,,,,,,,,,,,,
Spartanburg 7,*,*,14,1.85%,566,1.43%,74,0.74%,*,*,49,0.98%,207,0.45%,,,,,,,,,,,,,,,,,,,,
Sumter,*,*,*,*,1498,3.79%,80,0.80%,*,*,55,1.10%,607,1.33%,,,,,,,,,,,,,,,,,,,,
Union,*,*,*,*,268,0.68%,18,0.18%,*,*,55,1.10%,352,0.77%,,,,,,,,,,,,,,,,,,,,
Wil Lou Gray,*,*,*,*,*,*,*,*,*,*,*,*,*,*,,,,,,,,,,,,,,,,,,,,
Williamsburg,*,*,*,*,463,1.17%,*,*,*,*,13,0.26%,89,0.19%,,,,,,,,,,,,,,,,,,,,
York 1,*,*,*,*,209,0.53%,94,0.94%,*,*,63,1.26%,566,1.24%,,,,,,,,,,,,,,,,,,,,
York 2,*,*,*,*,117,0.30%,76,0.76%,*,*,44,0.88%,544,1.19%,,,,,,,,,,,,,,,,,,,,
York 3,35,10.09%,19,2.51%,1178,2.98%,266,2.67%,*,*,131,2.62%,922,2.02%,,,,,,,,,,,,,,,,,,,,
York 4,*,*,66,8.72%,276,0.70%,226,2.26%,*,*,90,1.80%,946,2.07%,,,,,,,,,,,,,,,,,,,,
,,,,,,,,,,,,,,,,,,,,,,,,,,,,,,,,,,
,,,,,,,,,,,,,,,,,,,,,,,,,,,,,,,,,,
,Age (as of the Child Count date),,,,,,,,,,,,,,,,,,,,,,,,,,,,,,,,,
,5,,6,,7,,8,,9,,10,,11,,12,,13,,14,,15,,16,,17,,18,,19,,20,,21,
District,N,Column %,N,Column %,N,Column %,N,Column %,N,Column %,N,Column %,N,Column %,N,Column %,N,Column %,N,Column %,N,Column %,N,Column %,N,Column %,N,Column %,N,Column %,N,Column %,N,Column %
Abbeville,13,0.33%,27,0.44%,40,0.56%,33,0.42%,31,0.35%,28,0.33%,32,0.37%,31,0.36%,23,0.27%,30,0.37%,27,0.36%,27,0.38%,17,0.28%,13,0.41%,*,*,*,*,*,*
Aiken,98,2.49%,168,2.72%,178,2.50%,192,2.42%,237,2.70%,258,3.02%,224,2.62%,232,2.73%,230,2.73%,248,3.09%,192,2.53%,195,2.74%,170,2.77%,101,3.19%,32,3.62%,13,3.04%,*,*
Allendale,*,*,*,*,*,*,*,*,*,*,*,*,*,*,*,*,*,*,*,*,*,*,13,0.18%,*,*,*,*,*,*,*,*,*,*
Anderson 1,59,1.50%,79,1.28%,110,1.54%,96,1.21%,132,1.51%,133,1.56%,113,1.32%,152,1.79%,112,1.33%,105,1.31%,105,1.39%,86,1.21%,84,1.37%,41,1.30%,*,*,*,*,*,*
Anderson 2,23,0.59%,43,0.70%,50,0.70%,41,0.52%,47,0.54%,41,0.48%,42,0.49%,37,0.43%,41,0.49%,43,0.54%,42,0.55%,26,0.37%,26,0.42%,11,0.35%,*,*,*,*,*,*
Anderson 3,12,0.31%,16,0.26%,24,0.34%,20,0.25%,37,0.42%,34,0.40%,33,0.39%,30,0.35%,30,0.36%,26,0.32%,26,0.34%,29,0.41%,13,0.21%,*,*,*,*,*,*,*,*
Anderson 4,16,0.41%,36,0.58%,35,0.49%,33,0.42%,27,0.31%,32,0.37%,25,0.29%,31,0.36%,20,0.24%,33,0.41%,30,0.40%,37,0.52%,28,0.46%,16,0.51%,*,*,*,*,*,*
Anderson 5,73,1.86%,123,1.99%,160,2.24%,162,2.04%,166,1.89%,153,1.79%,153,1.79%,120,1.41%,127,1.51%,127,1.58%,109,1.44%,120,1.69%,91,1.48%,49,1.55%,15,1.70%,*,*,*,*
Bamberg 1,*,*,*,*,15,0.21%,11,0.14%,*,*,*,*,13,0.15%,14,0.16%,*,*,*,*,11,0.15%,15,0.21%,*,*,*,*,*,*,*,*,*,*
Bamberg 2,*,*,*,*,*,*,*,*,16,0.18%,*,*,*,*,12,0.14%,16,0.19%,14,0.17%,*,*,*,*,*,*,*,*,*,*,*,*,*,*
Barnwell 19,*,*,*,*,*,*,*,*,*,*,*,*,*,*,*,*,*,*,*,*,*,*,*,*,*,*,*,*,*,*,*,*,*,*
Barnwell 29,*,*,*,*,*,*,*,*,*,*,*,*,*,*,*,*,*,*,*,*,*,*,*,*,*,*,*,*,*,*,*,*,*,*
Barnwell 45,*,*,23,0.37%,24,0.34%,29,0.37%,32,0.37%,26,0.30%,21,0.25%,22,0.26%,24,0.28%,21,0.26%,21,0.28%,26,0.37%,21,0.34%,22,0.70%,*,*,*,*,*,*
Beaufort,133,3.38%,163,2.64%,136,1.91%,165,2.08%,179,2.04%,181,2.12%,204,2.38%,196,2.30%,169,2.00%,153,1.90%,145,1.91%,113,1.59%,107,1.75%,57,1.80%,21,2.38%,*,*,*,*
Berkeley,172,4.38%,286,4.63%,363,5.09%,367,4.63%,358,4.08%,345,4.04%,381,4.45%,352,4.14%,322,3.82%,348,4.33%,313,4.13%,266,3.74%,276,4.50%,157,4.97%,49,5.55%,27,6.32%,*,*
Calhoun,15,0.38%,21,0.34%,14,0.20%,21,0.27%,21,0.24%,15,0.18%,16,0.19%,23,0.27%,23,0.27%,21,0.26%,14,0.18%,13,0.18%,14,0.23%,11,0.35%,*,*,*,*,*,*
Charleston,251,6.39%,301,4.87%,326,4.57%,380,4.80%,441,5.03%,447,5.23%,464,5.42%,403,4.74%,413,4.90%,363,4.52%,340,4.49%,333,4.68%,305,4.98%,150,4.74%,55,6.23%,19,4.45%,*,*
Charter Erskine,65,1.65%,120,1.94%,120,1.68%,170,2.15%,166,1.89%,188,2.20%,177,2.07%,227,2.67%,232,2.75%,256,3.19%,225,2.97%,236,3.32%,233,3.80%,106,3.35%,27,3.06%,*,*,*,*
Cherokee,40,1.02%,59,0.95%,67,0.94%,82,1.04%,93,1.06%,82,0.96%,84,0.98%,72,0.85%,89,1.05%,87,1.08%,69,0.91%,79,1.11%,64,1.04%,31,0.98%,*,*,*,*,*,*
Chester,30,0.76%,40,0.65%,52,0.73%,49,0.62%,63,0.72%,63,0.74%,61,0.71%,60,0.71%,42,0.50%,64,0.80%,58,0.77%,44,0.62%,41,0.67%,25,0.79%,*,*,*,*,*,*
Chesterfield,26,0.66%,33,0.53%,44,0.62%,60,0.76%,67,0.76%,67,0.78%,65,0.76%,69,0.81%,67,0.79%,66,0.82%,53,0.70%,48,0.67%,48,0.78%,20,0.63%,*,*,*,*,*,*
Clarendon 1,*,*,*,*,*,*,*,*,*,*,*,*,12,0.14%,11,0.13%,17,0.20%,*,*,*,*,*,*,*,*,*,*,*,*,*,*,*,*
Clarendon 2,12,0.31%,18,0.29%,30,0.42%,31,0.39%,36,0.41%,29,0.34%,27,0.32%,33,0.39%,43,0.51%,27,0.34%,41,0.54%,37,0.52%,21,0.34%,14,0.44%,*,*,*,*,*,*
Clarendon 3,11,0.28%,11,0.18%,*,*,*,*,15,0.17%,15,0.18%,12,0.14%,*,*,14,0.17%,20,0.25%,*,*,*,*,*,*,*,*,*,*,*,*,*,*
Colleton,38,0.97%,42,0.68%,43,0.60%,50,0.63%,59,0.67%,62,0.73%,82,0.96%,74,0.87%,89,1.05%,76,0.95%,56,0.74%,57,0.80%,37,0.60%,34,1.08%,*,*,*,*,*,*
Darlington,39,0.99%,64,1.04%,79,1.11%,89,1.12%,127,1.45%,112,1.31%,112,1.31%,129,1.52%,114,1.35%,119,1.48%,111,1.46%,123,1.73%,95,1.55%,58,1.83%,12,1.36%,*,*,*,*
Dillon 3,*,*,11,0.18%,15,0.21%,12,0.15%,15,0.17%,13,0.15%,17,0.20%,*,*,17,0.20%,*,*,18,0.24%,*,*,*,*,*,*,*,*,*,*,*,*
Dillon 4,*,*,14,0.23%,15,0.21%,26,0.33%,13,0.15%,27,0.32%,29,0.34%,29,0.34%,33,0.39%,29,0.36%,29,0.38%,24,0.34%,17,0.28%,12,0.38%,*,*,*,*,*,*
Dorchester 2,153,3.89%,230,3.72%,269,3.77%,246,3.11%,267,3.05%,240,2.81%,243,2.84%,228,2.68%,218,2.58%,212,2.64%,215,2.84%,222,3.12%,163,2.66%,96,3.04%,21,2.38%,15,3.51%,*,*
Dorchester 4,15,0.38%,20,0.32%,22,0.31%,23,0.29%,20,0.23%,27,0.32%,29,0.34%,32,0.38%,35,0.41%,32,0.40%,32,0.42%,31,0.44%,19,0.31%,12,0.38%,*,*,*,*,*,*
Edgefield,11,0.28%,27,0.44%,30,0.42%,35,0.44%,25,0.29%,19,0.22%,24,0.28%,32,0.38%,26,0.31%,21,0.26%,22,0.29%,25,0.35%,17,0.28%,17,0.54%,*,*,*,*,*,*
Fairfield,13,0.33%,26,0.42%,28,0.39%,25,0.32%,43,0.49%,44,0.52%,36,0.42%,28,0.33%,22,0.26%,25,0.31%,23,0.30%,22,0.31%,24,0.39%,*,*,*,*,*,*,*,*
Florence 1,57,1.45%,88,1.42%,92,1.29%,157,1.98%,138,1.57%,156,1.83%,167,1.95%,184,2.16%,176,2.09%,205,2.55%,193,2.55%,147,2.07%,125,2.04%,45,1.42%,18,2.04%,*,*,*,*
Florence 2,*,*,17,0.27%,17,0.24%,16,0.20%,18,0.21%,18,0.21%,18,0.21%,17,0.20%,11,0.13%,11,0.14%,17,0.22%,*,*,17,0.28%,*,*,*,*,*,*,*,*
Florence 3,*,*,23,0.37%,26,0.36%,35,0.44%,43,0.49%,47,0.55%,46,0.54%,51,0.60%,49,0.58%,66,0.82%,58,0.77%,50,0.70%,43,0.70%,11,0.35%,*,*,*,*,*,*
Florence 4,*,*,*,*,*,*,*,*,*,*,*,*,*,*,*,*,14,0.17%,*,*,12,0.16%,*,*,*,*,*,*,*,*,*,*,*,*
Florence 5,13,0.33%,15,0.24%,21,0.29%,24,0.30%,22,0.25%,20,0.23%,27,0.32%,32,0.38%,20,0.24%,21,0.26%,16,0.21%,12,0.17%,*,*,*,*,*,*,*,*,*,*
Georgetown,39,0.99%,59,0.95%,65,0.91%,82,1.04%,91,1.04%,97,1.14%,110,1.28%,121,1.42%,131,1.55%,122,1.52%,134,1.77%,98,1.38%,105,1.71%,45,1.42%,12,1.36%,*,*,*,*
Greenville,364,9.26%,627,10.14%,799,11.21%,878,11.08%,1040,11.86%,971,11.37%,932,10.88%,976,11.47%,942,11.17%,882,10.98%,808,10.66%,771,10.83%,633,10.33%,342,10.82%,103,11.66%,38,8.90%,*,*
Greenwood 50,41,1.04%,71,1.15%,69,0.97%,65,0.82%,84,0.96%,74,0.87%,68,0.79%,79,0.93%,71,0.84%,67,0.83%,68,0.90%,78,1.10%,74,1.21%,34,1.08%,*,*,*,*,*,*
Greenwood 51,15,0.38%,13,0.21%,12,0.17%,14,0.18%,21,0.24%,*,*,14,0.16%,*,*,*,*,14,0.17%,12,0.16%,*,*,*,*,*,*,*,*,*,*,*,*
Greenwood 52,*,*,*,*,13,0.18%,14,0.18%,*,*,15,0.18%,14,0.16%,11,0.13%,25,0.30%,*,*,14,0.18%,14,0.20%,*,*,*,*,*,*,*,*,*,*
Hampton 1,11,0.28%,15,0.24%,22,0.31%,14,0.18%,*,*,15,0.18%,21,0.25%,12,0.14%,13,0.15%,13,0.16%,11,0.15%,11,0.15%,13,0.21%,*,*,*,*,*,*,*,*
Hampton 2,*,*,11,0.18%,*,*,*,*,*,*,*,*,*,*,*,*,*,*,*,*,*,*,*,*,*,*,*,*,*,*,*,*,*,*
Horry,221,5.62%,377,6.10%,429,6.02%,465,5.87%,551,6.28%,546,6.39%,508,5.93%,496,5.83%,567,6.72%,466,5.80%,463,6.11%,440,6.18%,364,5.94%,158,5.00%,41,4.64%,15,3.51%,*,*
Jasper,19,0.48%,25,0.40%,23,0.32%,29,0.37%,15,0.17%,20,0.23%,21,0.25%,14,0.16%,19,0.23%,14,0.17%,13,0.17%,15,0.21%,*,*,*,*,*,*,*,*,*,*
Kershaw,47,1.20%,77,1.25%,93,1.30%,112,1.41%,129,1.47%,119,1.39%,114,1.33%,127,1.49%,115,1.36%,115,1.43%,117,1.54%,101,1.42%,83,1.35%,50,1.58%,13,1.47%,*,*,*,*
Lancaster,59,1.50%,94,1.52%,126,1.77%,133,1.68%,189,2.16%,194,2.27%,184,2.15%,188,2.21%,149,1.77%,171,2.13%,152,2.01%,149,2.09%,121,1.97%,57,1.80%,*,*,*,*,*,*
Laurens 55,37,0.94%,71,1.15%,55,0.77%,59,0.74%,75,0.86%,50,0.59%,59,0.69%,58,0.68%,57,0.68%,68,0.85%,54,0.71%,48,0.67%,52,0.85%,30,0.95%,*,*,*,*,*,*
Laurens 56,35,0.89%,26,0.42%,46,0.65%,42,0.53%,45,0.51%,34,0.40%,37,0.43%,39,0.46%,34,0.40%,36,0.45%,35,0.46%,39,0.55%,27,0.44%,12,0.38%,*,*,*,*,*,*
Lee,*,*,*,*,11,0.15%,12,0.15%,11,0.13%,*,*,20,0.23%,18,0.21%,15,0.18%,14,0.17%,22,0.29%,27,0.38%,21,0.34%,*,*,*,*,*,*,*,*
Lexington 1,171,4.35%,283,4.58%,251,3.52%,301,3.80%,312,3.56%,318,3.72%,298,3.48%,275,3.23%,277,3.28%,251,3.12%,249,3.28%,244,3.43%,190,3.10%,79,2.50%,30,3.40%,19,4.45%,*,*
Lexington 2,58,1.48%,69,1.12%,83,1.16%,121,1.53%,106,1.21%,118,1.38%,103,1.20%,105,1.23%,126,1.49%,121,1.51%,106,1.40%,115,1.62%,88,1.44%,28,0.89%,*,*,*,*,*,*
Lexington 3,*,*,25,0.40%,18,0.25%,34,0.43%,29,0.33%,22,0.26%,26,0.30%,28,0.33%,20,0.24%,34,0.42%,24,0.32%,19,0.27%,*,*,12,0.38%,*,*,*,*,*,*
Lexington 4,47,1.20%,49,0.79%,52,0.73%,53,0.67%,71,0.81%,66,0.77%,46,0.54%,50,0.59%,42,0.50%,37,0.46%,29,0.38%,42,0.59%,30,0.49%,*,*,*,*,*,*,*,*
Lexington 5,104,2.65%,153,2.47%,176,2.47%,221,2.79%,206,2.35%,179,2.10%,190,2.22%,150,1.76%,168,1.99%,132,1.64%,142,1.87%,150,2.11%,124,2.02%,51,1.61%,16,1.81%,14,3.28%,*,*
Marion,20,0.51%,31,0.50%,38,0.53%,46,0.58%,55,0.63%,63,0.74%,54,0.63%,52,0.61%,69,0.82%,43,0.54%,52,0.69%,43,0.60%,56,0.91%,22,0.70%,*,*,*,*,*,*
Marlboro,16,0.41%,24,0.39%,31,0.43%,45,0.57%,41,0.47%,33,0.39%,33,0.39%,51,0.60%,50,0.59%,39,0.49%,32,0.42%,40,0.56%,30,0.49%,20,0.63%,*,*,*,*,*,*
McCormick,*,*,*,*,*,*,*,*,*,*,13,0.15%,11,0.13%,11,0.13%,*,*,16,0.20%,11,0.15%,*,*,*,*,*,*,*,*,*,*,*,*
Newberry,29,0.74%,47,0.76%,68,0.95%,54,0.68%,80,0.91%,63,0.74%,54,0.63%,64,0.75%,59,0.70%,54,0.67%,44,0.58%,48,0.67%,38,0.62%,31,0.98%,*,*,*,*,*,*
Oconee,97,2.47%,148,2.39%,164,2.30%,173,2.18%,192,2.19%,159,1.86%,170,1.99%,144,1.69%,171,2.03%,138,1.72%,128,1.69%,105,1.48%,98,1.60%,43,1.36%,14,1.59%,*,*,*,*
Orangeburg,44,1.12%,67,1.08%,93,1.30%,86,1.09%,102,1.16%,103,1.21%,127,1.48%,141,1.66%,137,1.62%,146,1.82%,146,1.93%,108,1.52%,99,1.62%,53,1.68%,12,1.36%,*,*,*,*
Palmetto Unified,*,*,*,*,*,*,*,*,*,*,*,*,*,*,*,*,*,*,*,*,*,*,*,*,*,*,*,*,*,*,25,5.85%,*,*
Pickens,73,1.86%,126,2.04%,151,2.12%,181,2.28%,182,2.08%,178,2.08%,179,2.09%,182,2.14%,170,2.01%,166,2.07%,167,2.20%,142,2.00%,102,1.66%,64,2.02%,14,1.59%,*,*,*,*
Richland 1,79,2.01%,110,1.78%,135,1.89%,169,2.13%,225,2.57%,226,2.65%,258,3.01%,298,3.50%,255,3.02%,239,2.97%,240,3.17%,249,3.50%,192,3.13%,95,3.00%,32,3.62%,13,3.04%,*,*
Richland 2,128,3.26%,196,3.17%,259,3.63%,253,3.19%,314,3.58%,335,3.92%,267,3.12%,314,3.69%,271,3.21%,294,3.66%,254,3.35%,250,3.51%,235,3.83%,98,3.10%,30,3.40%,18,4.22%,*,*
SC Department of Juvenile Justice,*,*,*,*,*,*,*,*,*,*,*,*,*,*,*,*,*,*,*,*,21,0.28%,45,0.63%,27,0.44%,12,0.38%,*,*,*,*,*,*
SC Governor's School for Arts and Humanities,*,*,*,*,*,*,*,*,*,*,*,*,*,*,*,*,*,*,*,*,*,*,*,*,*,*,*,*,*,*,*,*,*,*
SC Governor's School for Science and Mathematics,*,*,*,*,*,*,*,*,*,*,*,*,*,*,*,*,*,*,*,*,*,*,*,*,*,*,*,*,*,*,*,*,*,*
SC Public Charter,51,1.30%,90,1.46%,107,1.50%,105,1.33%,143,1.63%,136,1.59%,164,1.91%,152,1.79%,162,1.92%,127,1.58%,135,1.78%,122,1.71%,104,1.70%,79,2.50%,20,2.27%,*,*,*,*
SC School for the Deaf & Blind,*,*,*,*,*,*,*,*,*,*,*,*,15,0.18%,15,0.18%,*,*,*,*,14,0.18%,17,0.24%,15,0.24%,11,0.35%,15,1.70%,*,*,*,*
Saluda,15,0.38%,21,0.34%,23,0.32%,22,0.28%,41,0.47%,29,0.34%,49,0.57%,31,0.36%,37,0.44%,25,0.31%,25,0.33%,22,0.31%,18,0.29%,14,0.44%,*,*,*,*,*,*
Spartanburg 1,26,0.66%,36,0.58%,50,0.70%,46,0.58%,50,0.57%,35,0.41%,37,0.43%,53,0.62%,42,0.50%,47,0.59%,51,0.67%,37,0.52%,42,0.69%,14,0.44%,*,*,*,*,*,*
Spartanburg 2,64,1.63%,108,1.75%,135,1.89%,123,1.55%,111,1.27%,125,1.46%,117,1.37%,101,1.19%,116,1.37%,104,1.29%,74,0.98%,71,1.00%,86,1.40%,43,1.36%,13,1.47%,*,*,*,*
Spartanburg 3,19,0.48%,31,0.50%,30,0.42%,28,0.35%,32,0.37%,31,0.36%,40,0.47%,37,0.43%,32,0.38%,33,0.41%,37,0.49%,25,0.35%,29,0.47%,12,0.38%,*,*,*,*,*,*
Spartanburg 4,*,*,20,0.32%,17,0.24%,33,0.42%,41,0.47%,39,0.46%,38,0.44%,28,0.33%,33,0.39%,31,0.39%,31,0.41%,15,0.21%,30,0.49%,*,*,*,*,*,*,*,*
Spartanburg 5,68,1.73%,95,1.54%,120,1.68%,115,1.45%,107,1.22%,112,1.31%,92,1.07%,80,0.94%,109,1.29%,87,1.08%,90,1.19%,82,1.15%,99,1.62%,35,1.11%,12,1.36%,*,*,*,*
Spartanburg 6,81,2.06%,124,2.01%,137,1.92%,158,1.99%,170,1.94%,154,1.80%,166,1.94%,151,1.78%,141,1.67%,133,1.66%,103,1.36%,96,1.35%,78,1.27%,54,1.71%,16,1.81%,*,*,*,*
Spartanburg 7,21,0.53%,58,0.94%,70,0.98%,72,0.91%,75,0.86%,77,0.90%,88,1.03%,85,1.00%,83,0.98%,62,0.77%,61,0.80%,69,0.97%,55,0.90%,27,0.85%,*,*,*,*,*,*
Sumter,65,1.65%,131,2.12%,134,1.88%,179,2.26%,160,1.83%,170,1.99%,216,2.52%,188,2.21%,209,2.48%,180,2.24%,192,2.53%,164,2.30%,133,2.17%,80,2.53%,26,2.94%,19,4.45%,*,*
Union,42,1.07%,56,0.91%,64,0.90%,59,0.74%,60,0.68%,69,0.81%,61,0.71%,45,0.53%,46,0.55%,52,0.65%,47,0.62%,34,0.48%,27,0.44%,21,0.66%,*,*,*,*,*,*
Wil Lou Gray,*,*,*,*,*,*,*,*,*,*,*,*,*,*,*,*,*,*,*,*,*,*,*,*,*,*,*,*,*,*,*,*,*,*
Williamsburg,18,0.46%,38,0.61%,31,0.43%,29,0.37%,28,0.32%,34,0.40%,45,0.53%,43,0.51%,43,0.51%,49,0.61%,60,0.79%,57,0.80%,52,0.85%,33,1.04%,*,*,*,*,*,*
York 1,39,0.99%,58,0.94%,78,1.09%,84,1.06%,93,1.06%,96,1.12%,67,0.78%,90,1.06%,79,0.94%,68,0.85%,68,0.90%,56,0.79%,41,0.67%,17,0.54%,*,*,*,*,*,*
York 2,40,1.02%,58,0.94%,56,0.79%,85,1.07%,75,0.86%,61,0.71%,57,0.67%,68,0.80%,63,0.75%,60,0.75%,53,0.70%,43,0.60%,38,0.62%,23,0.73%,*,*,*,*,*,*
York 3,74,1.88%,159,2.57%,183,2.57%,241,3.04%,247,2.82%,202,2.36%,233,2.72%,200,2.35%,208,2.47%,202,2.51%,189,2.49%,185,2.60%,139,2.27%,69,2.18%,15,1.70%,*,*,*,*
York 4,79,2.01%,100,1.62%,108,1.51%,146,1.84%,146,1.67%,149,1.74%,130,1.52%,118,1.39%,133,1.58%,122,1.52%,127,1.68%,90,1.26%,99,1.62%,47,1.49%,*,*,*,*,*,*
,,,,,,,,,,,,,,,,,,,,,,,,,,,,,,,,,,
,,,,,,,,,,,,,,,,,,,,,,,,,,,,,,,,,,
,Limited English Proficiency,,,,,,,,,,,,,,,,,,,,,,,,,,,,,,,,,
,No,,Yes,,,,,,,,,,,,,,,,,,,,,,,,,,,,,,,
District,N,Column %,N,Column %,,,,,,,,,,,,,,,,,,,,,,,,,,,,,,
Abbeville,371,0.39%,*,*,,,,,,,,,,,,,,,,,,,,,,,,,,,,,,
Aiken,2575,2.74%,194,2.66%,,,,,,,,,,,,,,,,,,,,,,,,,,,,,,
Allendale,101,0.11%,*,*,,,,,,,,,,,,,,,,,,,,,,,,,,,,,,
Anderson 1,1330,1.41%,84,1.15%,,,,,,,,,,,,,,,,,,,,,,,,,,,,,,
Anderson 2,502,0.53%,14,0.19%,,,,,,,,,,,,,,,,,,,,,,,,,,,,,,
Anderson 3,327,0.35%,11,0.15%,,,,,,,,,,,,,,,,,,,,,,,,,,,,,,
Anderson 4,400,0.43%,*,*,,,,,,,,,,,,,,,,,,,,,,,,,,,,,,
Anderson 5,1636,1.74%,114,1.56%,,,,,,,,,,,,,,,,,,,,,,,,,,,,,,
Bamberg 1,145,0.15%,*,*,,,,,,,,,,,,,,,,,,,,,,,,,,,,,,
Bamberg 2,111,0.12%,*,*,,,,,,,,,,,,,,,,,,,,,,,,,,,,,,
Barnwell 19,82,0.09%,*,*,,,,,,,,,,,,,,,,,,,,,,,,,,,,,,
Barnwell 29,72,0.08%,*,*,,,,,,,,,,,,,,,,,,,,,,,,,,,,,,
Barnwell 45,314,0.33%,*,*,,,,,,,,,,,,,,,,,,,,,,,,,,,,,,
Beaufort,1663,1.77%,461,6.33%,,,,,,,,,,,,,,,,,,,,,,,,,,,,,,
Berkeley,4065,4.32%,320,4.39%,,,,,,,,,,,,,,,,,,,,,,,,,,,,,,
Calhoun,246,0.26%,*,*,,,,,,,,,,,,,,,,,,,,,,,,,,,,,,
Charleston,4582,4.87%,414,5.68%,,,,,,,,,,,,,,,,,,,,,,,,,,,,,,
Charter Erskine,2504,2.66%,48,0.66%,,,,,,,,,,,,,,,,,,,,,,,,,,,,,,
Cherokee,959,1.02%,45,0.62%,,,,,,,,,,,,,,,,,,,,,,,,,,,,,,
Chester,685,0.73%,11,0.15%,,,,,,,,,,,,,,,,,,,,,,,,,,,,,,
Chesterfield,718,0.76%,18,0.25%,,,,,,,,,,,,,,,,,,,,,,,,,,,,,,
Clarendon 1,102,0.11%,*,*,,,,,,,,,,,,,,,,,,,,,,,,,,,,,,
Clarendon 2,399,0.42%,*,*,,,,,,,,,,,,,,,,,,,,,,,,,,,,,,
Clarendon 3,154,0.16%,11,0.15%,,,,,,,,,,,,,,,,,,,,,,,,,,,,,,
Colleton,783,0.83%,28,0.38%,,,,,,,,,,,,,,,,,,,,,,,,,,,,,,
Darlington,1381,1.47%,11,0.15%,,,,,,,,,,,,,,,,,,,,,,,,,,,,,,
Dillon 3,166,0.18%,*,*,,,,,,,,,,,,,,,,,,,,,,,,,,,,,,
Dillon 4,303,0.32%,*,*,,,,,,,,,,,,,,,,,,,,,,,,,,,,,,
Dorchester 2,2874,3.05%,164,2.25%,,,,,,,,,,,,,,,,,,,,,,,,,,,,,,
Dorchester 4,347,0.37%,*,*,,,,,,,,,,,,,,,,,,,,,,,,,,,,,,
Edgefield,323,0.34%,16,0.22%,,,,,,,,,,,,,,,,,,,,,,,,,,,,,,
Fairfield,365,0.39%,*,*,,,,,,,,,,,,,,,,,,,,,,,,,,,,,,
Florence 1,1876,1.99%,78,1.07%,,,,,,,,,,,,,,,,,,,,,,,,,,,,,,
Florence 2,195,0.21%,*,*,,,,,,,,,,,,,,,,,,,,,,,,,,,,,,
Florence 3,546,0.58%,16,0.22%,,,,,,,,,,,,,,,,,,,,,,,,,,,,,,
Florence 4,97,0.10%,*,*,,,,,,,,,,,,,,,,,,,,,,,,,,,,,,
Florence 5,251,0.27%,*,*,,,,,,,,,,,,,,,,,,,,,,,,,,,,,,
Georgetown,1279,1.36%,41,0.56%,,,,,,,,,,,,,,,,,,,,,,,,,,,,,,
Greenville,9721,10.33%,1393,19.11%,,,,,,,,,,,,,,,,,,,,,,,,,,,,,,
Greenwood 50,846,0.90%,105,1.44%,,,,,,,,,,,,,,,,,,,,,,,,,,,,,,
Greenwood 51,160,0.17%,*,*,,,,,,,,,,,,,,,,,,,,,,,,,,,,,,
Greenwood 52,172,0.18%,*,*,,,,,,,,,,,,,,,,,,,,,,,,,,,,,,
Hampton 1,187,0.20%,*,*,,,,,,,,,,,,,,,,,,,,,,,,,,,,,,
Hampton 2,92,0.10%,*,*,,,,,,,,,,,,,,,,,,,,,,,,,,,,,,
Horry,5557,5.91%,552,7.57%,,,,,,,,,,,,,,,,,,,,,,,,,,,,,,
Jasper,191,0.20%,51,0.70%,,,,,,,,,,,,,,,,,,,,,,,,,,,,,,
Kershaw,1366,1.45%,53,0.73%,,,,,,,,,,,,,,,,,,,,,,,,,,,,,,
Lancaster,1840,1.96%,145,1.99%,,,,,,,,,,,,,,,,,,,,,,,,,,,,,,
Laurens 55,701,0.75%,75,1.03%,,,,,,,,,,,,,,,,,,,,,,,,,,,,,,
Laurens 56,472,0.50%,17,0.23%,,,,,,,,,,,,,,,,,,,,,,,,,,,,,,
Lee,202,0.21%,*,*,,,,,,,,,,,,,,,,,,,,,,,,,,,,,,
Lexington 1,3284,3.49%,267,3.66%,,,,,,,,,,,,,,,,,,,,,,,,,,,,,,
Lexington 2,1138,1.21%,221,3.03%,,,,,,,,,,,,,,,,,,,,,,,,,,,,,,
Lexington 3,289,0.31%,28,0.38%,,,,,,,,,,,,,,,,,,,,,,,,,,,,,,
Lexington 4,545,0.58%,83,1.14%,,,,,,,,,,,,,,,,,,,,,,,,,,,,,,
Lexington 5,2112,2.24%,65,0.89%,,,,,,,,,,,,,,,,,,,,,,,,,,,,,,
Marion,642,0.68%,*,*,,,,,,,,,,,,,,,,,,,,,,,,,,,,,,
Marlboro,486,0.52%,*,*,,,,,,,,,,,,,,,,,,,,,,,,,,,,,,
McCormick,116,0.12%,*,*,,,,,,,,,,,,,,,,,,,,,,,,,,,,,,
Newberry,651,0.69%,89,1.22%,,,,,,,,,,,,,,,,,,,,,,,,,,,,,,
Oconee,1800,1.91%,152,2.09%,,,,,,,,,,,,,,,,,,,,,,,,,,,,,,
Orangeburg,1449,1.54%,21,0.29%,,,,,,,,,,,,,,,,,,,,,,,,,,,,,,
Palmetto Unified,40,0.04%,*,*,,,,,,,,,,,,,,,,,,,,,,,,,,,,,,
Pickens,2012,2.14%,72,0.99%,,,,,,,,,,,,,,,,,,,,,,,,,,,,,,
Richland 1,2734,2.91%,85,1.17%,,,,,,,,,,,,,,,,,,,,,,,,,,,,,,
Richland 2,3296,3.50%,221,3.03%,,,,,,,,,,,,,,,,,,,,,,,,,,,,,,
SC Department of Juvenile Justice,119,0.13%,*,*,,,,,,,,,,,,,,,,,,,,,,,,,,,,,,
SC Governor's School for Arts and Humanities,*,*,*,*,,,,,,,,,,,,,,,,,,,,,,,,,,,,,,
SC Governor's School for Science and Mathematics,*,*,*,*,,,,,,,,,,,,,,,,,,,,,,,,,,,,,,
SC Public Charter,1613,1.71%,92,1.26%,,,,,,,,,,,,,,,,,,,,,,,,,,,,,,
SC School for the Deaf & Blind,153,0.16%,11,0.15%,,,,,,,,,,,,,,,,,,,,,,,,,,,,,,
Saluda,273,0.29%,108,1.48%,,,,,,,,,,,,,,,,,,,,,,,,,,,,,,
Spartanburg 1,532,0.57%,41,0.56%,,,,,,,,,,,,,,,,,,,,,,,,,,,,,,
Spartanburg 2,1241,1.32%,159,2.18%,,,,,,,,,,,,,,,,,,,,,,,,,,,,,,
Spartanburg 3,389,0.41%,34,0.47%,,,,,,,,,,,,,,,,,,,,,,,,,,,,,,
Spartanburg 4,349,0.37%,21,0.29%,,,,,,,,,,,,,,,,,,,,,,,,,,,,,,
Spartanburg 5,1179,1.25%,126,1.73%,,,,,,,,,,,,,,,,,,,,,,,,,,,,,,
Spartanburg 6,1473,1.57%,297,4.08%,,,,,,,,,,,,,,,,,,,,,,,,,,,,,,
Spartanburg 7,868,0.92%,45,0.62%,,,,,,,,,,,,,,,,,,,,,,,,,,,,,,
Sumter,2202,2.34%,45,0.62%,,,,,,,,,,,,,,,,,,,,,,,,,,,,,,
Union,688,0.73%,*,*,,,,,,,,,,,,,,,,,,,,,,,,,,,,,,
Wil Lou Gray,14,0.01%,*,*,,,,,,,,,,,,,,,,,,,,,,,,,,,,,,
Williamsburg,572,0.61%,*,*,,,,,,,,,,,,,,,,,,,,,,,,,,,,,,
York 1,889,0.94%,53,0.73%,,,,,,,,,,,,,,,,,,,,,,,,,,,,,,
York 2,765,0.81%,25,0.34%,,,,,,,,,,,,,,,,,,,,,,,,,,,,,,
York 3,2351,2.50%,202,2.77%,,,,,,,,,,,,,,,,,,,,,,,,,,,,,,
York 4,1475,1.57%,134,1.84%,,,,,,,,,,,,,,,,,,,,,,,,,,,,,,
,,,,,,,,,,,,,,,,,,,,,,,,,,,,,,,,,,
,,,,,,,,,,,,,,,,,,,,,,,,,,,,,,,,,,
,Primary Disability,,,,,,,,,,,,,,,,,,,,,,,,,,,,,,,,,
,Autism Spectrum Disorder,,Deaf and Hard of Hearing,,Deaf-Blindness,,Developmental Delay,,Emotional Disability,,Intellectual Disability,,Multiple Disabilities,,Orthopedic Impairment,,Other Health Impairment,,Specific Learning Disability,,Speech or Language Impairment,,Traumatic Brain Injury,,Visual Impairment,,,,,,,,,
District,N,Column %,N,Column %,N,Column %,N,Column %,N,Column %,N,Column %,N,Column %,N,Column %,N,Column %,N,Column %,N,Column %,N,Column %,N,Column %,,,,,,,,
Abbeville,24,0.24%,*,*,*,*,21,0.30%,*,*,31,0.53%,*,*,*,*,48,0.30%,142,0.35%,99,0.62%,*,*,*,*,,,,,,,,
Aiken,279,2.83%,22,2.43%,*,*,225,3.18%,65,3.10%,320,5.46%,65,4.41%,*,*,574,3.57%,889,2.17%,312,1.94%,*,*,*,*,,,,,,,,
Allendale,12,0.12%,*,*,*,*,*,*,*,*,11,0.19%,*,*,*,*,15,0.09%,35,0.09%,17,0.11%,*,*,*,*,,,,,,,,
Anderson 1,123,1.25%,*,*,*,*,79,1.12%,32,1.53%,47,0.80%,18,1.22%,*,*,159,0.99%,689,1.68%,249,1.55%,*,*,*,*,,,,,,,,
Anderson 2,35,0.36%,*,*,*,*,34,0.48%,*,*,29,0.50%,*,*,*,*,71,0.44%,197,0.48%,132,0.82%,*,*,*,*,,,,,,,,
Anderson 3,32,0.32%,*,*,*,*,12,0.17%,*,*,22,0.38%,*,*,*,*,26,0.16%,154,0.38%,68,0.42%,*,*,*,*,,,,,,,,
Anderson 4,41,0.42%,*,*,*,*,16,0.23%,*,*,31,0.53%,*,*,*,*,51,0.32%,162,0.40%,91,0.57%,*,*,*,*,,,,,,,,
Anderson 5,207,2.10%,12,1.33%,*,*,42,0.59%,41,1.95%,137,2.34%,15,1.02%,13,3.68%,283,1.76%,554,1.35%,435,2.70%,*,*,*,*,,,,,,,,
Bamberg 1,*,*,*,*,*,*,21,0.30%,*,*,13,0.22%,*,*,*,*,24,0.15%,54,0.13%,19,0.12%,*,*,*,*,,,,,,,,
Bamberg 2,*,*,*,*,*,*,12,0.17%,*,*,14,0.24%,*,*,*,*,50,0.31%,23,0.06%,*,*,*,*,*,*,,,,,,,,
Barnwell 19,*,*,*,*,*,*,*,*,*,*,*,*,*,*,*,*,12,0.07%,39,0.10%,*,*,*,*,*,*,,,,,,,,
Barnwell 29,*,*,*,*,*,*,*,*,*,*,*,*,*,*,*,*,*,*,35,0.09%,*,*,*,*,*,*,,,,,,,,
Barnwell 45,20,0.20%,*,*,*,*,29,0.41%,*,*,47,0.80%,*,*,*,*,37,0.23%,72,0.18%,102,0.63%,*,*,*,*,,,,,,,,
Beaufort,138,1.40%,19,2.10%,*,*,199,2.81%,34,1.62%,66,1.13%,72,4.88%,*,*,311,1.93%,872,2.13%,392,2.44%,*,*,*,*,,,,,,,,
Berkeley,578,5.86%,56,6.19%,*,*,288,4.07%,128,6.10%,273,4.66%,47,3.19%,26,7.37%,989,6.15%,1398,3.41%,581,3.61%,*,*,13,3.30%,,,,,,,,
Calhoun,16,0.16%,*,*,*,*,20,0.28%,*,*,20,0.34%,*,*,*,*,23,0.14%,123,0.30%,31,0.19%,*,*,*,*,,,,,,,,
Charleston,654,6.63%,46,5.09%,*,*,460,6.50%,119,5.67%,325,5.55%,53,3.60%,30,8.50%,900,5.59%,1880,4.59%,498,3.10%,*,*,25,6.35%,,,,,,,,
Charter Erskine,332,3.37%,18,1.99%,*,*,110,1.55%,49,2.34%,81,1.38%,20,1.36%,*,*,478,2.97%,1066,2.60%,380,2.36%,*,*,*,*,,,,,,,,
Cherokee,96,0.97%,*,*,*,*,68,0.96%,19,0.91%,72,1.23%,*,*,*,*,143,0.89%,401,0.98%,177,1.10%,*,*,*,*,,,,,,,,
Chester,41,0.42%,*,*,*,*,62,0.88%,*,*,44,0.75%,*,*,*,*,82,0.51%,370,0.90%,72,0.45%,*,*,*,*,,,,,,,,
Chesterfield,37,0.38%,*,*,*,*,32,0.45%,*,*,72,1.23%,*,*,*,*,38,0.24%,430,1.05%,114,0.71%,*,*,*,*,,,,,,,,
Clarendon 1,*,*,*,*,*,*,*,*,*,*,*,*,*,*,*,*,12,0.07%,46,0.11%,21,0.13%,*,*,*,*,,,,,,,,
Clarendon 2,22,0.22%,*,*,*,*,31,0.44%,*,*,58,0.99%,*,*,*,*,58,0.36%,132,0.32%,91,0.57%,*,*,*,*,,,,,,,,
Clarendon 3,12,0.12%,*,*,*,*,*,*,*,*,*,*,*,*,*,*,17,0.11%,78,0.19%,31,0.19%,*,*,*,*,,,,,,,,
Colleton,60,0.61%,*,*,*,*,66,0.93%,12,0.57%,59,1.01%,11,0.75%,*,*,121,0.75%,341,0.83%,126,0.78%,*,*,*,*,,,,,,,,
Darlington,126,1.28%,16,1.77%,*,*,90,1.27%,31,1.48%,140,2.39%,17,1.15%,15,4.25%,219,1.36%,591,1.44%,140,0.87%,*,*,*,*,,,,,,,,
Dillon 3,14,0.14%,*,*,*,*,11,0.16%,*,*,18,0.31%,*,*,*,*,*,*,86,0.21%,23,0.14%,*,*,*,*,,,,,,,,
Dillon 4,32,0.32%,*,*,*,*,24,0.34%,*,*,65,1.11%,*,*,*,*,20,0.12%,142,0.35%,20,0.12%,*,*,*,*,,,,,,,,
Dorchester 2,347,3.52%,29,3.21%,*,*,193,2.73%,51,2.43%,154,2.63%,25,1.70%,13,3.68%,509,3.16%,995,2.43%,700,4.35%,*,*,15,3.81%,,,,,,,,
Dorchester 4,31,0.31%,*,*,*,*,35,0.49%,*,*,46,0.79%,*,*,*,*,31,0.19%,151,0.37%,50,0.31%,*,*,*,*,,,,,,,,
Edgefield,20,0.20%,*,*,*,*,32,0.45%,*,*,39,0.67%,*,*,*,*,51,0.32%,118,0.29%,61,0.38%,*,*,*,*,,,,,,,,
Fairfield,21,0.21%,*,*,*,*,32,0.45%,*,*,30,0.51%,*,*,*,*,26,0.16%,141,0.34%,100,0.62%,*,*,*,*,,,,,,,,
Florence 1,240,2.43%,11,1.22%,*,*,141,1.99%,47,2.24%,145,2.48%,*,*,*,*,243,1.51%,914,2.23%,185,1.15%,*,*,*,*,,,,,,,,
Florence 2,16,0.16%,*,*,*,*,*,*,*,*,*,*,*,*,*,*,18,0.11%,104,0.25%,46,0.29%,*,*,*,*,,,,,,,,
Florence 3,30,0.30%,*,*,*,*,29,0.41%,*,*,56,0.96%,*,*,*,*,94,0.58%,295,0.72%,42,0.26%,*,*,*,*,,,,,,,,
Florence 4,11,0.11%,*,*,*,*,*,*,*,*,18,0.31%,*,*,*,*,*,*,48,0.12%,11,0.07%,*,*,*,*,,,,,,,,
Florence 5,*,*,*,*,*,*,*,*,*,*,18,0.31%,*,*,*,*,23,0.14%,130,0.32%,68,0.42%,*,*,*,*,,,,,,,,
Georgetown,101,1.02%,15,1.66%,*,*,83,1.17%,43,2.05%,61,1.04%,*,*,*,*,303,1.88%,560,1.37%,134,0.83%,*,*,*,*,,,,,,,,
Greenville,1120,11.36%,55,6.08%,*,*,689,9.73%,235,11.20%,301,5.14%,417,28.29%,35,9.92%,1385,8.61%,5142,12.55%,1699,10.56%,12,6.52%,23,5.84%,,,,,,,,
Greenwood 50,94,0.95%,*,*,*,*,85,1.20%,*,*,77,1.31%,11,0.75%,*,*,153,0.95%,345,0.84%,162,1.01%,*,*,*,*,,,,,,,,
Greenwood 51,12,0.12%,*,*,*,*,20,0.28%,*,*,*,*,*,*,*,*,28,0.17%,59,0.14%,37,0.23%,*,*,*,*,,,,,,,,
Greenwood 52,*,*,*,*,*,*,*,*,*,*,*,*,*,*,*,*,37,0.23%,89,0.22%,17,0.11%,*,*,*,*,,,,,,,,
Hampton 1,15,0.15%,*,*,*,*,*,*,*,*,16,0.27%,*,*,*,*,46,0.29%,37,0.09%,57,0.35%,*,*,*,*,,,,,,,,
Hampton 2,*,*,*,*,*,*,*,*,*,*,*,*,*,*,*,*,14,0.09%,33,0.08%,40,0.25%,*,*,*,*,,,,,,,,
Horry,586,5.94%,56,6.19%,*,*,416,5.87%,168,8.01%,247,4.22%,97,6.58%,20,5.67%,812,5.05%,2847,6.95%,833,5.18%,16,8.70%,*,*,,,,,,,,
Jasper,17,0.17%,*,*,*,*,25,0.35%,*,*,26,0.44%,*,*,*,*,17,0.11%,78,0.19%,69,0.43%,*,*,*,*,,,,,,,,
Kershaw,146,1.48%,19,2.10%,*,*,82,1.16%,21,1.00%,94,1.60%,*,*,*,*,260,1.62%,540,1.32%,239,1.49%,*,*,*,*,,,,,,,,
Lancaster,151,1.53%,19,2.10%,*,*,110,1.55%,39,1.86%,115,1.96%,*,*,*,*,326,2.03%,1013,2.47%,188,1.17%,*,*,*,*,,,,,,,,
Laurens 55,38,0.39%,*,*,*,*,24,0.34%,*,*,39,0.67%,*,*,*,*,93,0.58%,331,0.81%,234,1.45%,*,*,*,*,,,,,,,,
Laurens 56,46,0.47%,*,*,*,*,32,0.45%,*,*,34,0.58%,*,*,*,*,71,0.44%,179,0.44%,120,0.75%,*,*,*,*,,,,,,,,
Lee,14,0.14%,*,*,*,*,*,*,*,*,29,0.50%,*,*,*,*,17,0.11%,107,0.26%,22,0.14%,*,*,*,*,,,,,,,,
Lexington 1,458,4.65%,23,2.54%,*,*,207,2.92%,67,3.19%,100,1.71%,51,3.46%,*,*,530,3.29%,1348,3.29%,740,4.60%,*,*,*,*,,,,,,,,
Lexington 2,139,1.41%,*,*,*,*,85,1.20%,27,1.29%,77,1.31%,13,0.88%,*,*,172,1.07%,601,1.47%,232,1.44%,*,*,*,*,,,,,,,,
Lexington 3,*,*,*,*,*,*,40,0.56%,*,*,18,0.31%,15,1.02%,*,*,61,0.38%,104,0.25%,64,0.40%,*,*,*,*,,,,,,,,
Lexington 4,43,0.44%,*,*,*,*,60,0.85%,11,0.52%,32,0.55%,*,*,*,*,85,0.53%,250,0.61%,134,0.83%,*,*,*,*,,,,,,,,
Lexington 5,220,2.23%,24,2.65%,*,*,179,2.53%,36,1.72%,74,1.26%,19,1.29%,*,*,403,2.51%,607,1.48%,600,3.73%,*,*,*,*,,,,,,,,
Marion,56,0.57%,*,*,*,*,48,0.68%,*,*,59,1.01%,*,*,*,*,96,0.60%,263,0.64%,102,0.63%,*,*,*,*,,,,,,,,
Marlboro,22,0.22%,*,*,*,*,67,0.95%,*,*,57,0.97%,*,*,*,*,55,0.34%,219,0.53%,57,0.35%,*,*,*,*,,,,,,,,
McCormick,*,*,*,*,*,*,12,0.17%,*,*,*,*,*,*,*,*,12,0.07%,64,0.16%,*,*,*,*,*,*,,,,,,,,
Newberry,34,0.34%,*,*,*,*,57,0.80%,*,*,47,0.80%,*,*,*,*,82,0.51%,309,0.75%,197,1.22%,*,*,*,*,,,,,,,,
Oconee,148,1.50%,17,1.88%,*,*,244,3.45%,55,2.62%,64,1.09%,38,2.58%,*,*,354,2.20%,736,1.80%,287,1.78%,*,*,*,*,,,,,,,,
Orangeburg,135,1.37%,14,1.55%,*,*,122,1.72%,21,1.00%,230,3.93%,16,1.09%,*,*,199,1.24%,510,1.25%,210,1.31%,*,*,*,*,,,,,,,,
Palmetto Unified,*,*,*,*,*,*,*,*,*,*,*,*,*,*,*,*,17,0.11%,13,0.03%,*,*,*,*,*,*,,,,,,,,
Pickens,159,1.61%,18,1.99%,*,*,123,1.74%,38,1.81%,90,1.54%,38,2.58%,14,3.97%,308,1.91%,914,2.23%,367,2.28%,*,*,11,2.79%,,,,,,,,
Richland 1,323,3.28%,35,3.87%,*,*,151,2.13%,88,4.19%,194,3.31%,*,*,*,*,575,3.57%,1131,2.76%,291,1.81%,*,*,*,*,,,,,,,,
Richland 2,544,5.52%,33,3.65%,*,*,222,3.13%,97,4.62%,154,2.63%,11,0.75%,*,*,579,3.60%,1351,3.30%,498,3.10%,*,*,13,3.30%,,,,,,,,
SC Department of Juvenile Justice,*,*,*,*,*,*,*,*,23,1.10%,*,*,*,*,*,*,40,0.25%,48,0.12%,*,*,*,*,*,*,,,,,,,,
SC Governor's School for Arts and Humanities,*,*,*,*,*,*,*,*,*,*,*,*,*,*,*,*,*,*,*,*,*,*,*,*,*,*,,,,,,,,
SC Governor's School for Science and Mathematics,*,*,*,*,*,*,*,*,*,*,*,*,*,*,*,*,*,*,*,*,*,*,*,*,*,*,,,,,,,,
SC Public Charter,136,1.38%,15,1.66%,*,*,86,1.21%,24,1.14%,29,0.50%,15,1.02%,*,*,356,2.21%,783,1.91%,248,1.54%,*,*,*,*,,,,,,,,
SC School for the Deaf & Blind,*,*,66,7.30%,*,*,*,*,*,*,*,*,29,1.97%,*,*,*,*,*,*,*,*,*,*,65,16.50%,,,,,,,,
Saluda,*,*,*,*,*,*,43,0.61%,*,*,32,0.55%,*,*,*,*,20,0.12%,220,0.54%,44,0.27%,*,*,*,*,,,,,,,,
Spartanburg 1,58,0.59%,*,*,*,*,39,0.55%,*,*,28,0.48%,*,*,*,*,59,0.37%,255,0.62%,109,0.68%,*,*,*,*,,,,,,,,
Spartanburg 2,103,1.04%,17,1.88%,*,*,92,1.30%,38,1.81%,88,1.50%,23,1.56%,*,*,215,1.34%,521,1.27%,287,1.78%,*,*,*,*,,,,,,,,
Spartanburg 3,38,0.39%,*,*,*,*,25,0.35%,12,0.57%,34,0.58%,*,*,*,*,41,0.25%,188,0.46%,76,0.47%,*,*,*,*,,,,,,,,
Spartanburg 4,35,0.36%,*,*,*,*,17,0.24%,12,0.57%,20,0.34%,*,*,*,*,44,0.27%,172,0.42%,56,0.35%,*,*,*,*,,,,,,,,
Spartanburg 5,147,1.49%,13,1.44%,*,*,74,1.04%,40,1.91%,56,0.96%,27,1.83%,*,*,184,1.14%,467,1.14%,290,1.80%,*,*,*,*,,,,,,,,
Spartanburg 6,159,1.61%,20,2.21%,*,*,120,1.69%,41,1.95%,106,1.81%,27,1.83%,*,*,358,2.23%,599,1.46%,331,2.06%,*,*,*,*,,,,,,,,
Spartanburg 7,80,0.81%,*,*,*,*,57,0.80%,30,1.43%,68,1.16%,28,1.90%,*,*,220,1.37%,324,0.79%,96,0.60%,*,*,*,*,,,,,,,,
Sumter,142,1.44%,28,3.10%,*,*,161,2.27%,36,1.72%,222,3.79%,*,*,12,3.40%,290,1.80%,964,2.35%,373,2.32%,*,*,*,*,,,,,,,,
Union,21,0.21%,*,*,*,*,92,1.30%,*,*,67,1.14%,*,*,*,*,129,0.80%,276,0.67%,94,0.58%,*,*,*,*,,,,,,,,
Wil Lou Gray,*,*,*,*,*,*,*,*,*,*,*,*,*,*,*,*,*,*,11,0.03%,*,*,*,*,*,*,,,,,,,,
Williamsburg,61,0.62%,*,*,*,*,33,0.47%,*,*,66,1.13%,*,*,*,*,56,0.35%,247,0.60%,89,0.55%,*,*,*,*,,,,,,,,
York 1,63,0.64%,12,1.33%,*,*,74,1.04%,16,0.76%,36,0.61%,*,*,*,*,165,1.03%,423,1.03%,136,0.85%,*,*,*,*,,,,,,,,
York 2,77,0.78%,*,*,*,*,68,0.96%,19,0.91%,40,0.68%,*,*,*,*,180,1.12%,234,0.57%,145,0.90%,*,*,*,*,,,,,,,,
York 3,204,2.07%,26,2.88%,*,*,266,3.76%,37,1.76%,113,1.93%,19,1.29%,*,*,462,2.87%,1005,2.45%,392,2.44%,*,*,13,3.30%,,,,,,,,
York 4,184,1.87%,*,*,*,*,160,2.26%,42,2.00%,45,0.77%,44,2.99%,*,*,391,2.43%,547,1.34%,174,1.08%,*,*,*,*,,,,,,,,
,,,,,,,,,,,,,,,,,,,,,,,,,,,,,,,,,,
,,,,,,,,,,,,,,,,,,,,,,,,,,,,,,,,,,
,Least Restrictive Environment,,,,,,,,,,,,,,,,,,,,,,,,,,,,,,,,,
,Ages 5-21 - Correctional Facilities,,Ages 5-21 - HomeboundHospital,,Ages 5-21 - Inside Regular Class and activities 40-79% of the day,,Ages 5-21 - Inside Regular Class and activities 80% or more of the day,,Ages 5-21 - Inside Regular Class and activities less than 40% of the day,,Ages 5-21 - Parentally Placed In Private Schools,,Ages 5-21 - Residential Facility,,Ages 5-21 - Separate School,,,,,,,,,,,,,,,,,,,
District,N,Column %,N,Column %,N,Column %,N,Column %,N,Column %,N,Column %,N,Column %,N,Column %,,,,,,,,,,,,,,,,,,
Abbeville,*,*,*,*,69,0.36%,275,0.42%,31,0.20%,*,*,*,*,*,*,,,,,,,,,,,,,,,,,,
Aiken,*,*,14,2.50%,535,2.83%,1860,2.87%,345,2.22%,13,1.90%,*,*,*,*,,,,,,,,,,,,,,,,,,
Allendale,*,*,*,*,35,0.18%,64,0.10%,*,*,*,*,*,*,*,*,,,,,,,,,,,,,,,,,,
Anderson 1,*,*,*,*,138,0.73%,945,1.46%,321,2.06%,*,*,*,*,*,*,,,,,,,,,,,,,,,,,,
Anderson 2,*,*,*,*,52,0.27%,396,0.61%,65,0.42%,*,*,*,*,*,*,,,,,,,,,,,,,,,,,,
Anderson 3,*,*,*,*,16,0.08%,234,0.36%,84,0.54%,*,*,*,*,*,*,,,,,,,,,,,,,,,,,,
Anderson 4,*,*,*,*,14,0.07%,308,0.48%,73,0.47%,*,*,*,*,11,2.42%,,,,,,,,,,,,,,,,,,
Anderson 5,*,*,*,*,217,1.15%,1174,1.81%,336,2.16%,*,*,*,*,*,*,,,,,,,,,,,,,,,,,,
Bamberg 1,*,*,*,*,39,0.21%,107,0.17%,*,*,*,*,*,*,*,*,,,,,,,,,,,,,,,,,,
Bamberg 2,*,*,*,*,32,0.17%,53,0.08%,26,0.17%,*,*,*,*,*,*,,,,,,,,,,,,,,,,,,
Barnwell 19,*,*,*,*,*,*,74,0.11%,*,*,*,*,*,*,*,*,,,,,,,,,,,,,,,,,,
Barnwell 29,*,*,*,*,*,*,65,0.10%,*,*,*,*,*,*,*,*,,,,,,,,,,,,,,,,,,
Barnwell 45,*,*,*,*,34,0.18%,218,0.34%,68,0.44%,*,*,*,*,*,*,,,,,,,,,,,,,,,,,,
Beaufort,*,*,*,*,355,1.88%,1386,2.14%,361,2.32%,*,*,*,*,*,*,,,,,,,,,,,,,,,,,,
Berkeley,*,*,*,*,1737,9.18%,1839,2.84%,795,5.11%,*,*,*,*,*,*,,,,,,,,,,,,,,,,,,
Calhoun,*,*,*,*,32,0.17%,113,0.17%,82,0.53%,15,2.19%,*,*,*,*,,,,,,,,,,,,,,,,,,
Charleston,*,*,24,4.29%,1239,6.55%,3147,4.85%,526,3.38%,12,1.75%,*,*,38,8.35%,,,,,,,,,,,,,,,,,,
Charter Erskine,*,*,*,*,199,1.05%,2130,3.29%,220,1.42%,*,*,*,*,*,*,,,,,,,,,,,,,,,,,,
Cherokee,*,*,*,*,218,1.15%,620,0.96%,153,0.98%,*,*,*,*,*,*,,,,,,,,,,,,,,,,,,
Chester,*,*,*,*,95,0.50%,562,0.87%,34,0.22%,*,*,*,*,*,*,,,,,,,,,,,,,,,,,,
Chesterfield,*,*,*,*,131,0.69%,440,0.68%,164,1.06%,*,*,*,*,*,*,,,,,,,,,,,,,,,,,,
Clarendon 1,*,*,*,*,27,0.14%,50,0.08%,21,0.14%,*,*,*,*,*,*,,,,,,,,,,,,,,,,,,
Clarendon 2,*,*,*,*,48,0.25%,272,0.42%,77,0.50%,*,*,*,*,*,*,,,,,,,,,,,,,,,,,,
Clarendon 3,*,*,*,*,20,0.11%,134,0.21%,11,0.07%,*,*,*,*,*,*,,,,,,,,,,,,,,,,,,
Colleton,*,*,*,*,225,1.19%,461,0.71%,101,0.65%,17,2.48%,*,*,*,*,,,,,,,,,,,,,,,,,,
Darlington,*,*,18,3.22%,215,1.14%,922,1.42%,229,1.47%,*,*,*,*,*,*,,,,,,,,,,,,,,,,,,
Dillon 3,*,*,*,*,*,*,142,0.22%,20,0.13%,*,*,*,*,*,*,,,,,,,,,,,,,,,,,,
Dillon 4,*,*,*,*,37,0.20%,241,0.37%,25,0.16%,*,*,*,*,*,*,,,,,,,,,,,,,,,,,,
Dorchester 2,*,*,29,5.19%,866,4.58%,1703,2.63%,403,2.59%,25,3.64%,*,*,*,*,,,,,,,,,,,,,,,,,,
Dorchester 4,*,*,*,*,83,0.44%,214,0.33%,54,0.35%,*,*,*,*,*,*,,,,,,,,,,,,,,,,,,
Edgefield,*,*,*,*,74,0.39%,208,0.32%,53,0.34%,*,*,*,*,*,*,,,,,,,,,,,,,,,,,,
Fairfield,*,*,*,*,*,*,245,0.38%,93,0.60%,19,2.77%,*,*,*,*,,,,,,,,,,,,,,,,,,
Florence 1,*,*,12,2.15%,353,1.87%,1078,1.66%,483,3.11%,17,2.48%,*,*,*,*,,,,,,,,,,,,,,,,,,
Florence 2,*,*,*,*,45,0.24%,137,0.21%,18,0.12%,*,*,*,*,*,*,,,,,,,,,,,,,,,,,,
Florence 3,*,*,*,*,102,0.54%,406,0.63%,45,0.29%,*,*,*,*,*,*,,,,,,,,,,,,,,,,,,
Florence 4,*,*,*,*,27,0.14%,60,0.09%,19,0.12%,*,*,*,*,*,*,,,,,,,,,,,,,,,,,,
Florence 5,*,*,*,*,18,0.10%,210,0.32%,27,0.17%,*,*,*,*,*,*,,,,,,,,,,,,,,,,,,
Georgetown,*,*,*,*,432,2.28%,749,1.16%,121,0.78%,*,*,*,*,*,*,,,,,,,,,,,,,,,,,,
Greenville,*,*,74,13.24%,1245,6.58%,7765,11.98%,1729,11.12%,147,21.43%,*,*,148,32.53%,,,,,,,,,,,,,,,,,,
Greenwood 50,*,*,*,*,293,1.55%,457,0.70%,172,1.11%,21,3.06%,*,*,*,*,,,,,,,,,,,,,,,,,,
Greenwood 51,*,*,*,*,30,0.16%,109,0.17%,20,0.13%,*,*,*,*,*,*,,,,,,,,,,,,,,,,,,
Greenwood 52,*,*,*,*,71,0.38%,85,0.13%,16,0.10%,*,*,*,*,*,*,,,,,,,,,,,,,,,,,,
Hampton 1,*,*,*,*,14,0.07%,142,0.22%,32,0.21%,*,*,*,*,*,*,,,,,,,,,,,,,,,,,,
Hampton 2,*,*,*,*,15,0.08%,58,0.09%,*,*,14,2.04%,*,*,*,*,,,,,,,,,,,,,,,,,,
Horry,*,*,39,6.98%,1653,8.74%,3412,5.26%,975,6.27%,28,4.08%,*,*,*,*,,,,,,,,,,,,,,,,,,
Jasper,*,*,*,*,84,0.44%,108,0.17%,49,0.32%,*,*,*,*,*,*,,,,,,,,,,,,,,,,,,
Kershaw,*,*,*,*,403,2.13%,722,1.11%,283,1.82%,*,*,*,*,*,*,,,,,,,,,,,,,,,,,,
Lancaster,*,*,28,5.01%,346,1.83%,1134,1.75%,471,3.03%,*,*,*,*,*,*,,,,,,,,,,,,,,,,,,
Laurens 55,*,*,11,1.97%,126,0.67%,506,0.78%,125,0.80%,*,*,*,*,*,*,,,,,,,,,,,,,,,,,,
Laurens 56,*,*,*,*,92,0.49%,279,0.43%,115,0.74%,*,*,*,*,*,*,,,,,,,,,,,,,,,,,,
Lee,*,*,*,*,59,0.31%,92,0.14%,48,0.31%,*,*,*,*,*,*,,,,,,,,,,,,,,,,,,
Lexington 1,*,*,*,*,539,2.85%,2585,3.99%,392,2.52%,24,3.50%,*,*,*,*,,,,,,,,,,,,,,,,,,
Lexington 2,*,*,15,2.68%,262,1.38%,897,1.38%,146,0.94%,*,*,21,10.88%,*,*,,,,,,,,,,,,,,,,,,
Lexington 3,*,*,*,*,37,0.20%,224,0.35%,54,0.35%,*,*,*,*,*,*,,,,,,,,,,,,,,,,,,
Lexington 4,*,*,*,*,67,0.35%,433,0.67%,127,0.82%,*,*,*,*,*,*,,,,,,,,,,,,,,,,,,
Lexington 5,*,*,*,*,363,1.92%,1515,2.34%,280,1.80%,13,1.90%,*,*,*,*,,,,,,,,,,,,,,,,,,
Marion,*,*,*,*,106,0.56%,447,0.69%,78,0.50%,17,2.48%,*,*,*,*,,,,,,,,,,,,,,,,,,
Marlboro,*,*,*,*,48,0.25%,297,0.46%,139,0.89%,*,*,*,*,*,*,,,,,,,,,,,,,,,,,,
McCormick,*,*,*,*,16,0.08%,74,0.11%,22,0.14%,*,*,*,*,*,*,,,,,,,,,,,,,,,,,,
Newberry,*,*,*,*,71,0.38%,538,0.83%,122,0.78%,*,*,*,*,*,*,,,,,,,,,,,,,,,,,,
Oconee,*,*,11,1.97%,384,2.03%,1085,1.67%,429,2.76%,21,3.06%,22,11.40%,*,*,,,,,,,,,,,,,,,,,,
Orangeburg,*,*,*,*,244,1.29%,734,1.13%,462,2.97%,27,3.94%,*,*,*,*,,,,,,,,,,,,,,,,,,
Palmetto Unified,39,22.81%,*,*,*,*,*,*,*,*,*,*,*,*,*,*,,,,,,,,,,,,,,,,,,
Pickens,*,*,25,4.47%,341,1.80%,1424,2.20%,279,1.79%,13,1.90%,*,*,*,*,,,,,,,,,,,,,,,,,,
Richland 1,*,*,11,1.97%,632,3.34%,1630,2.51%,454,2.92%,25,3.64%,*,*,56,12.31%,,,,,,,,,,,,,,,,,,
Richland 2,*,*,*,*,588,3.11%,2354,3.63%,543,3.49%,22,3.21%,*,*,*,*,,,,,,,,,,,,,,,,,,
SC Department of Juvenile Justice,113,66.08%,*,*,*,*,*,*,*,*,*,*,*,*,*,*,,,,,,,,,,,,,,,,,,
SC Governor's School for Arts and Humanities,*,*,*,*,*,*,*,*,*,*,*,*,*,*,*,*,,,,,,,,,,,,,,,,,,
SC Governor's School for Science and Mathematics,*,*,*,*,*,*,*,*,*,*,*,*,*,*,*,*,,,,,,,,,,,,,,,,,,
SC Public Charter,*,*,*,*,164,0.87%,1447,2.23%,51,0.33%,*,*,*,*,43,9.45%,,,,,,,,,,,,,,,,,,
SC School for the Deaf & Blind,*,*,*,*,*,*,*,*,*,*,*,*,82,42.49%,79,17.36%,,,,,,,,,,,,,,,,,,
Saluda,*,*,*,*,51,0.27%,266,0.41%,56,0.36%,*,*,*,*,*,*,,,,,,,,,,,,,,,,,,
Spartanburg 1,*,*,*,*,70,0.37%,437,0.67%,62,0.40%,*,*,*,*,*,*,,,,,,,,,,,,,,,,,,
Spartanburg 2,*,*,*,*,121,0.64%,1025,1.58%,236,1.52%,*,*,*,*,*,*,,,,,,,,,,,,,,,,,,
Spartanburg 3,*,*,*,*,75,0.40%,301,0.46%,45,0.29%,*,*,*,*,*,*,,,,,,,,,,,,,,,,,,
Spartanburg 4,*,*,*,*,64,0.34%,231,0.36%,71,0.46%,*,*,*,*,*,*,,,,,,,,,,,,,,,,,,
Spartanburg 5,*,*,17,3.04%,113,0.60%,1039,1.60%,127,0.82%,*,*,*,*,*,*,,,,,,,,,,,,,,,,,,
Spartanburg 6,*,*,*,*,188,0.99%,1196,1.84%,369,2.37%,*,*,*,*,*,*,,,,,,,,,,,,,,,,,,
Spartanburg 7,*,*,*,*,88,0.47%,563,0.87%,240,1.54%,*,*,*,*,*,*,,,,,,,,,,,,,,,,,,
Sumter,*,*,12,2.15%,871,4.60%,1078,1.66%,274,1.76%,11,1.60%,*,*,*,*,,,,,,,,,,,,,,,,,,
Union,*,*,*,*,51,0.27%,543,0.84%,93,0.60%,*,*,*,*,*,*,,,,,,,,,,,,,,,,,,
Wil Lou Gray,*,*,*,*,*,*,14,0.02%,*,*,*,*,*,*,*,*,,,,,,,,,,,,,,,,,,
Williamsburg,*,*,*,*,90,0.48%,350,0.54%,105,0.68%,12,1.75%,12,6.22%,*,*,,,,,,,,,,,,,,,,,,
York 1,*,*,*,*,187,0.99%,615,0.95%,130,0.84%,*,*,*,*,*,*,,,,,,,,,,,,,,,,,,
York 2,*,*,*,*,129,0.68%,567,0.87%,89,0.57%,*,*,*,*,*,*,,,,,,,,,,,,,,,,,,
York 3,*,*,*,*,559,2.95%,1673,2.58%,280,1.80%,26,3.79%,*,*,*,*,,,,,,,,,,,,,,,,,,
York 4,*,*,12,2.15%,186,0.98%,1135,1.75%,258,1.66%,*,*,*,*,*,*,,,,,,,,,,,,,,,,,,
